,Total Contributions,Max Give,Months Since Last Donation,Most Recent Give Amount,Number of Gives,Average Give Amount,strong envir support,very pro-gun control,dems in red seats,house races,gives in primaries,supports AZ campaigns,strong pp support,moderate dems,Networth,female,gender unsure,male,isWhite,isJewish,isAfam,isLatinx,isIrish,isAsian,Ethnicity unsure
0,2.0,1500,27,1500,4,1500.0,1,0,0,0,0,0,0,0,13.84873738206249,1,0,0,1,0,0,0,0,0,0
1,5.0,29200,27,5000,28,7073.607142857143,1,1,1,0,0,0,1,1,17.02286676609406,0,0,1,0,0,1,0,0,0,0
2,150.0,37500,27,5001,6,15834.0,0,0,0,0,0,0,0,0,15.110760328703886,0,0,1,1,0,0,0,0,0,0
3,500.0,25000,57,10000,4,15000.0,0,0,0,0,0,0,0,0,15.353028103690065,0,0,1,1,0,0,0,0,0,0
4,1000.0,50000,57,2500,15,8512.866666666667,0,0,0,0,1,0,0,0,15.249499006590503,0,0,1,1,0,0,0,0,0,0
5,1000.0,2900,57,300,11,856.3636363636364,0,0,1,1,1,0,0,0,15.261471906044086,0,1,0,1,0,0,0,0,0,0
6,1500.0,3000,57,3000,10,1071.7,1,1,1,0,0,0,0,0,15.309421338277112,1,0,0,0,0,0,0,0,1,0
7,25.0,3000,57,15,18,825.9444444444445,0,0,1,0,0,0,0,0,15.300437981086306,0,0,1,1,0,0,0,0,0,0
8,100.0,5800,14,250,4,2012.5,0,0,0,0,0,0,0,0,14.60157733588924,1,0,0,1,0,0,0,0,0,0
9,100.0,1000,46,100,9,393.8888888888889,0,0,0,0,0,0,0,0,14.819944759103043,1,0,0,1,0,0,0,0,0,0
10,275.0,1000,303,1000,2,1000.0,0,0,0,0,0,0,0,0,14.59485470063473,1,0,0,1,0,0,0,0,0,0
11,5.0,2700,303,5,20,278.75,0,0,0,0,0,0,0,0,15.106583660326246,1,0,0,0,0,1,0,0,0,0
12,10.0,2500,303,2500,12,241.33333333333334,0,0,0,1,1,0,0,0,14.745469848023683,0,0,1,1,0,0,0,0,0,0
13,10.0,1000,54,300,9,410.6666666666667,0,0,0,1,0,0,0,0,14.058586924178321,0,0,1,1,0,0,0,0,0,0
14,10.0,575,87,575,1,575.0,0,0,0,0,0,0,0,0,14.115383271680965,1,0,0,1,0,0,0,0,0,0
15,25.0,2615,87,2615,10,631.6,0,0,0,0,0,1,0,0,14.675838584383614,1,0,0,1,0,0,0,0,0,0
16,35.0,1000,87,1000,8,478.0,0,0,0,0,1,0,0,0,15.082484358291557,0,0,1,1,0,0,0,0,0,0
17,50.0,1000,44,250,3,458.3333333333333,0,0,0,0,0,0,0,0,14.106649897176098,1,0,0,1,0,0,0,0,0,0
18,100.0,2014,44,250,13,566.4615384615385,0,0,1,1,0,1,1,1,15.120110201760468,0,0,1,1,0,0,0,0,0,0
19,100.0,2700,9,2700,4,1300.0,0,0,0,0,0,0,0,0,14.359052711544807,0,1,0,0,0,0,0,0,1,0
20,100.0,1000,42,1000,6,833.3333333333334,0,0,0,0,0,0,0,0,14.485445404780313,0,1,0,1,0,0,0,0,0,0
21,180.0,500,42,500,2,340.0,0,1,0,0,0,0,0,0,14.153883130659715,0,0,1,1,0,0,0,0,0,0
22,240.0,750,75,101,2,425.5,1,0,0,0,0,0,0,0,13.606775208198451,0,0,1,1,0,0,0,0,0,0
23,250.0,3250,75,250,21,964.5238095238095,0,1,1,0,1,1,0,0,15.613011678983924,1,0,0,0,0,0,1,0,0,0
24,250.0,9000,75,9000,19,2044.7368421052631,0,0,1,0,0,0,1,1,15.537426436803788,1,0,0,1,0,0,0,0,0,0
25,250.0,501,23,375,7,343.14285714285717,0,0,0,0,0,0,0,0,13.705449009747799,1,0,0,1,0,0,0,0,0,0
26,400.0,7500,23,100,23,877.2608695652174,0,0,1,0,1,0,0,0,14.618361110316178,1,0,0,0,1,0,0,0,0,0
27,1000.0,2000,23,750,15,1283.3333333333333,1,0,1,0,0,1,0,1,15.642030326705184,0,0,1,1,0,0,0,0,0,0
28,1000.0,5000,23,5,18,1158.5555555555557,0,0,0,1,1,0,0,0,14.89983154404688,0,0,1,0,1,0,0,0,0,0
29,1000.0,3300,23,525,11,1524.4545454545455,0,1,0,0,1,0,0,1,14.487552072641881,0,0,1,0,0,1,0,0,0,0
30,1000.0,1000,7,100,7,316.0,0,0,0,0,0,0,0,0,14.741444642885662,0,0,1,1,0,0,0,0,0,0
31,1000.0,1000,8,5,2,502.5,0,0,0,0,0,0,0,0,13.88279904447866,0,0,1,1,0,0,0,0,0,0
32,500.0,25000,8,1000,27,3057.4074074074074,0,1,1,0,0,0,1,0,15.559145216626089,0,0,1,1,0,0,0,0,0,0
33,500.0,1000,8,899,7,828.1428571428571,0,0,1,0,0,0,0,0,14.573261257549381,1,0,0,0,0,1,0,0,0,0
34,500.0,500,7,25,9,110.8555556403266,0,0,0,0,0,0,0,0,15.76116453135226,0,0,1,1,0,0,0,0,0,0
35,15.0,2900,7,50,19,376.05263157894734,0,0,1,0,0,0,1,1,14.63458397260306,1,0,0,1,0,0,0,0,0,0
36,25.0,10001,7,750,27,1378.7777777777778,1,1,1,0,0,1,0,1,15.137831038507105,0,0,1,1,0,0,0,0,0,0
37,25.0,1000,7,50,30,232.16666666666666,0,0,1,0,0,0,0,0,14.538414579407245,0,0,1,1,0,0,0,0,0,0
38,25.0,7500,95,100,3,2866.6666666666665,0,0,0,0,0,0,0,0,14.815178370767228,1,0,0,1,0,0,0,0,0,0
39,25.0,250,91,250,1,250.0,0,0,0,0,0,0,0,0,14.565714591651497,0,1,0,1,0,0,0,0,0,0
40,50.0,2000,91,500,26,470.5769230769231,0,0,1,0,0,0,1,0,16.318758882756253,0,0,1,0,0,1,0,0,0,0
41,50.0,1000,91,30,20,349.95,0,0,1,0,0,0,0,0,13.840577734543137,0,0,1,0,0,1,0,0,0,0
42,50.0,250,18,250,10,205.0,0,0,1,0,0,0,0,0,14.560669374842416,0,0,1,1,0,0,0,0,0,0
43,100.0,1000,18,100,29,533.2758620689655,1,0,1,0,0,0,0,1,15.62550721413962,1,0,0,1,0,0,0,0,0,0
44,100.0,1000,18,100,10,740.0,0,1,1,0,0,1,1,0,14.981102760144832,1,0,0,1,0,0,0,0,0,0
45,100.0,1000,18,250,15,740.0,0,0,1,0,0,1,0,0,15.223321273189798,0,0,1,1,0,0,0,0,0,0
46,100.0,1750,18,100,28,392.14285714285717,1,1,1,0,0,0,1,0,15.001859876938616,1,0,0,1,0,0,0,0,0,0
47,100.0,3000,18,975,24,911.4583333333334,0,0,1,0,0,0,0,1,15.154649368206192,1,0,0,1,0,0,0,0,0,0
48,100.0,3750,7,3750,10,1430.7,0,0,0,0,1,0,0,0,14.834628238724724,0,0,1,1,0,0,0,0,0,0
49,100.0,500,7,250,13,284.61538461538464,0,0,1,0,1,1,0,0,14.681825022526692,0,0,1,1,0,0,0,0,0,0
50,100.0,3000,7,3000,10,870.0,0,0,1,0,0,0,1,1,13.859678628124309,1,0,0,1,0,0,0,0,0,0
51,150.0,1000,7,125,6,391.6666666666667,0,0,0,0,0,1,0,0,14.636164456688709,1,0,0,1,0,0,0,0,0,0
52,150.0,500,91,250,5,350.0,0,0,0,0,0,0,0,0,13.862971267371647,0,0,1,1,0,0,0,0,0,0
53,200.0,5000,91,250,28,1232.0357142857142,0,0,1,0,0,0,0,0,16.20633086209068,1,0,0,0,0,1,0,0,0,0
54,200.0,1000,91,101,30,547.7,0,0,1,0,0,0,0,1,15.411771635976212,0,1,0,1,0,0,0,0,0,0
55,200.0,3500,91,100,12,566.6666666666666,0,0,1,0,0,1,0,1,14.922406442719886,0,1,0,1,0,0,0,0,0,0
56,210.0,1000,90,250,9,350.0,0,0,0,0,0,0,0,0,14.330140336748466,0,0,1,1,0,0,0,0,0,0
57,750.0,25000,90,15000,14,7373.214285714285,0,1,1,0,0,1,0,0,15.762305601099596,1,0,0,1,0,0,0,0,0,0
58,250.0,250,7,10,4,71.75,0,0,0,0,0,0,0,0,13.824097583701562,1,0,0,0,1,0,0,0,0,0
59,5.0,500,7,250,21,81.47619047619048,1,0,1,0,0,0,0,0,13.701807562612005,1,0,0,1,0,0,0,0,0,0
60,5.0,200,42,200,5,100.0,0,0,0,0,0,0,0,0,12.715164767650013,1,0,0,1,0,0,0,0,0,0
61,9.0,1000,42,50,26,60.30769230769231,0,0,1,0,0,0,1,0,13.994535854724033,1,0,0,0,0,1,0,0,0,0
62,10.0,1200,42,10,29,212.86206896551724,0,1,1,0,0,0,1,1,14.635209328903546,1,0,0,1,0,0,0,0,0,0
63,10.0,1000,42,250,19,191.05263157894737,0,0,1,0,0,0,0,0,14.262360702055096,0,0,1,1,0,0,0,0,0,0
64,10.0,3000,42,1001,11,1204.7272727272727,0,0,0,0,0,0,0,0,14.08810158118337,0,1,0,1,0,0,0,0,0,0
65,10.0,250,42,30,15,65.33333333333333,0,0,1,0,0,0,1,0,13.370258856622893,0,0,1,1,0,0,0,0,0,0
66,10.0,1000,42,1,21,116.9047619047619,0,0,1,0,0,0,1,0,13.346920329397042,1,0,0,1,0,0,0,0,0,0
67,14.0,1250,42,5,8,317.125,0,0,0,0,0,0,0,0,13.112216067151993,1,0,0,1,0,0,0,0,0,0
68,15.0,2900,42,35,29,437.6896551724138,0,0,1,0,0,0,1,0,15.580892341496723,1,0,0,0,0,0,1,0,0,0
69,24.0,100,19,50,7,39.285714285714285,0,0,0,0,0,0,0,0,13.084327082550685,0,1,0,1,0,0,0,0,0,0
70,25.0,300,19,250,9,250.0,0,0,0,0,1,1,1,1,14.262150878204007,0,0,1,1,0,0,0,0,0,0
71,25.0,300,19,300,28,152.03571428571428,1,0,1,0,0,0,1,0,14.97006010776136,0,0,1,1,0,0,0,0,0,0
72,25.0,7500,19,100,13,648.3846153846154,0,0,0,0,0,0,0,0,14.153664237310881,1,0,0,1,0,0,0,0,0,0
73,25.0,1000,19,501,27,188.11111111111111,0,1,1,0,0,0,0,0,14.294138143768066,1,0,0,1,0,0,0,0,0,0
74,25.0,2000,19,2000,4,718.75,0,0,1,0,0,1,0,0,13.591253887362592,0,0,1,1,0,0,0,0,0,0
75,25.0,500,19,15,10,131.0,0,0,1,0,0,0,0,0,13.554750805578538,0,0,1,1,0,0,0,0,0,0
76,25.0,425,19,275,10,176.0,1,0,0,0,0,1,0,0,14.478022226839045,1,0,0,1,0,0,0,0,0,0
77,25.0,250,19,100,6,136.66666666666666,1,0,1,0,0,0,0,0,13.20192289143554,0,1,0,1,0,0,0,0,0,0
78,25.0,100,19,100,3,75.33333333333333,0,0,0,0,0,0,0,0,13.553400061295012,0,0,1,1,0,0,0,0,0,0
79,25.0,250,46,100,8,176.25,0,0,0,0,0,0,0,1,14.11718354946319,0,0,1,1,0,0,0,0,0,0
80,25.0,300,46,300,9,49.44444444444444,0,0,0,0,1,0,0,0,13.659897142193548,0,0,1,0,1,0,0,0,0,0
81,25.0,101,71,101,2,100.5,0,0,0,0,0,0,0,0,12.975928520574694,1,0,0,1,0,0,0,0,0,0
82,30.0,500,71,5,15,71.93333333333334,0,0,0,0,0,0,0,0,13.564723419213236,1,0,0,1,0,0,0,0,0,0
83,37.0,1750,71,100,8,518.25,0,1,1,0,0,0,0,0,13.934961535165792,1,0,0,1,0,0,0,0,0,0
84,40.0,1001,71,1001,10,285.4,1,0,0,0,0,0,0,0,13.84778605499604,0,0,1,1,0,0,0,0,0,0
85,40.0,500,71,500,11,107.9090909090909,0,0,0,0,0,1,0,0,13.783996154781091,0,0,1,1,0,0,0,0,0,0
86,300.0,1000,71,1000,8,401.75,0,0,1,0,1,1,0,0,14.673575812771311,1,0,0,1,0,0,0,0,0,0
87,50.0,150,71,15,8,91.25,0,0,1,0,0,0,0,0,15.195832620358862,0,0,1,1,0,0,0,0,0,0
88,50.0,1000,71,100,30,206.76666666666668,0,0,1,0,0,0,1,0,15.385421054216527,0,0,1,0,0,1,0,0,0,0
89,50.0,1100,71,5,26,202.80769230769232,1,0,1,0,0,0,0,1,14.746609505011731,0,0,1,1,0,0,0,0,0,0
90,50.0,250,71,200,4,162.5,0,0,1,0,0,0,0,1,14.557389805767963,0,0,1,1,0,0,0,0,0,0
91,50.0,7500,71,7500,22,664.9090909090909,1,1,0,0,0,0,0,0,14.721798629616103,1,0,0,1,0,0,0,0,0,0
92,50.0,500,71,100,15,225.0,0,0,1,0,1,1,0,0,13.862432311073679,0,0,1,1,0,0,0,0,0,0
93,50.0,400,71,100,7,167.14285714285714,0,0,1,0,0,0,0,0,14.057270150506842,0,0,1,0,0,1,0,0,0,0
94,50.0,17500,71,17500,10,1781.2,0,0,0,0,1,0,0,0,14.341469690342887,1,0,0,0,0,1,0,0,0,0
95,50.0,150,71,20,9,87.77777777777777,0,0,0,0,1,0,1,0,13.687303252913592,0,0,1,1,0,0,0,0,0,0
96,50.0,500,71,15,13,157.69230769230768,0,1,1,0,1,1,0,0,13.556699672760248,0,1,0,1,0,0,0,0,0,0
97,50.0,520,71,520,5,244.6,0,0,0,0,0,1,0,0,14.02562398472566,1,0,0,1,0,0,0,0,0,0
98,50.0,20,71,20,2,20.0,0,0,0,0,0,0,0,0,13.399545012722223,0,0,1,1,0,0,0,0,0,0
99,50.0,175,111,175,3,175.0,0,0,0,0,0,0,0,0,13.232055099829676,0,0,1,1,0,0,0,0,0,0
100,50.0,250,18,250,6,133.33333333333334,0,0,0,0,0,0,0,0,14.167437749140348,1,0,0,0,1,0,0,0,0,0
101,50.0,250,14,250,6,132.16666666666666,0,0,0,0,0,0,0,0,14.6484688101273,0,0,1,1,0,0,0,0,0,0
102,50.0,180,24,180,3,110.0,0,0,0,1,0,0,0,0,12.676707325621434,0,1,0,1,0,0,0,0,0,0
103,50.0,150,58,150,1,150.0,0,0,0,0,0,0,0,0,13.664827193379326,0,0,1,1,0,0,0,0,0,0
104,50.0,100,241,100,1,100.0,0,0,0,0,0,0,0,0,13.729934150912639,0,0,1,1,0,0,0,0,0,0
105,50.0,100,52,100,1,100.0,0,0,0,0,0,0,0,0,13.728492999137355,0,0,1,1,0,0,0,0,0,0
106,350.0,500,52,100,8,187.5,0,1,0,0,0,1,1,0,14.012527769392145,0,0,1,1,0,0,0,0,0,0
107,100.0,1000,52,5,20,190.25,0,1,1,1,0,0,1,0,14.593890493035584,0,0,1,1,0,0,0,0,0,0
108,100.0,9000,52,9000,13,1760.2307692307693,0,0,0,0,1,0,0,0,15.229771677997967,1,0,0,0,1,0,0,0,0,0
109,100.0,500,52,100,9,201.44444444444446,0,1,1,0,0,1,0,0,14.24379465460626,1,0,0,1,0,0,0,0,0,0
110,100.0,1250,52,100,23,410.8695652173913,0,0,1,0,0,0,1,0,14.300831279321828,1,0,0,0,1,0,0,0,0,0
111,100.0,500,52,500,1,500.0,0,0,0,0,0,0,0,0,14.46008862492131,0,0,1,1,0,0,0,0,0,0
112,100.0,1000,52,500,13,415.46153846153845,0,1,1,0,1,1,0,0,13.743143070288323,0,0,1,0,0,1,0,0,0,0
113,100.0,2018,52,1250,21,593.7619047619048,0,0,1,0,0,0,0,0,14.704505321456146,0,0,1,0,0,1,0,0,0,0
114,100.0,3000,52,100,22,518.1818181818181,0,1,0,1,0,0,0,0,14.705753369232928,1,0,0,1,0,0,0,0,0,0
115,100.0,2018,52,175,15,752.0,0,0,0,0,0,0,0,0,14.056933223676857,1,0,0,1,0,0,0,0,0,0
116,100.0,500,19,250,6,195.0,0,0,0,0,0,0,0,0,13.835133757399532,1,0,0,1,0,0,0,0,0,0
117,100.0,200,19,200,13,47.30769230769231,0,0,0,0,0,0,1,0,13.313806538914502,1,0,0,1,0,0,0,0,0,0
118,100.0,100,138,100,1,100.0,0,0,0,0,0,0,0,0,13.120427504811543,0,0,1,1,0,0,0,0,0,0
119,120.0,10001,138,300,20,656.8,0,0,0,0,0,0,1,0,14.496038449167841,0,0,1,1,0,0,0,0,0,0
120,125.0,305,138,35,29,38.6551724137931,0,1,1,0,0,0,1,0,14.538120419641421,1,0,0,0,0,1,0,0,0,0
121,400.0,500,106,250,2,375.0,0,0,0,0,0,0,0,0,14.31046042617108,1,0,0,1,0,0,0,0,0,0
122,1.0,20,106,3,14,5.928571428571429,0,0,0,0,0,0,1,0,12.857566757156505,1,0,0,0,0,1,0,0,0,0
123,1.0,4,8,3,2,3.5299999713897705,0,0,0,0,0,0,0,0,12.117011897285801,1,0,0,1,0,0,0,0,0,0
124,1.56,500,8,5,10,73.7,0,0,0,1,1,0,0,0,12.801764096238541,1,0,0,1,0,0,0,0,0,0
125,2.0,500,8,10,30,40.166666666666664,1,1,1,0,0,0,1,0,13.885508524174256,1,0,0,1,0,0,0,0,0,0
126,3.0,400,8,5,30,62.93333333333333,1,0,1,0,0,0,1,0,14.506387663853314,1,0,0,0,0,1,0,0,0,0
127,3.0,41,8,9,13,10.461538461538462,0,0,0,0,0,0,0,1,12.891371609246317,0,0,1,1,0,0,0,0,0,0
128,3.0,250,34,20,6,170.16666666666666,0,0,0,0,0,0,0,0,14.45955257474762,0,1,0,0,0,0,0,1,0,0
129,3.0,300,34,5,17,75.11764705882354,0,1,0,1,0,0,0,0,13.29789862587579,0,0,1,1,0,0,0,0,0,0
130,3.0,100,34,8,14,24.642857142857142,0,0,1,0,0,0,1,1,14.778796319908826,0,0,1,1,0,0,0,0,0,0
131,3.0,5,7,5,1,5.0,0,0,0,0,0,0,0,0,11.31187358575567,0,0,1,1,0,0,0,0,0,0
132,3.0,5,28,5,1,5.0,0,0,0,0,0,0,0,0,11.591681190991887,1,0,0,1,0,0,0,0,0,0
133,3.0,5,20,5,1,5.0,0,0,0,0,0,0,0,0,11.487351213850799,0,0,1,1,0,0,0,0,0,0
134,4.0,90,20,7,20,15.1,0,0,0,0,0,0,0,0,12.992072443104735,1,0,0,0,0,1,0,0,0,0
135,4.0,50,20,13,11,17.363636363636363,0,0,1,0,0,0,1,0,13.05299400647893,0,0,1,1,0,0,0,0,0,0
136,5.0,500,20,20,30,183.26666666666668,1,0,1,0,0,0,1,1,15.682867639281351,0,1,0,0,0,0,0,0,1,0
137,5.0,500,20,36,23,73.0,1,0,1,0,0,0,1,0,15.651168404789882,0,0,1,1,0,0,0,0,0,0
138,5.0,1000,20,15,28,140.85714285714286,1,0,1,0,0,0,1,0,14.884534737294723,0,0,1,1,0,0,0,0,0,0
139,5.0,240,20,50,18,36.666666666666664,0,0,1,0,0,0,1,1,14.532282464052944,0,0,1,1,0,0,0,0,0,0
140,5.0,2500,20,10,29,353.0,1,0,1,0,0,0,1,0,14.541686242538008,1,0,0,1,0,0,0,0,0,0
141,5.0,500,20,10,28,150.96428571428572,1,0,1,0,0,0,1,0,14.751113993219915,1,0,0,1,0,0,0,0,0,0
142,5.0,250,20,25,29,33.758620689655174,0,0,1,0,0,0,1,0,13.896289302388599,0,0,1,1,0,0,0,0,0,0
143,5.0,150,20,60,18,41.27777777777778,0,0,0,0,0,0,0,0,13.979349865379342,1,0,0,1,0,0,0,0,0,0
144,5.0,1000,20,100,28,115.57142857142857,1,0,1,0,0,0,1,0,14.900719420702867,0,0,1,1,0,0,0,0,0,0
145,5.0,300,20,300,7,106.0,0,0,0,0,0,0,1,0,13.65602701701002,1,0,0,1,0,0,0,0,0,0
146,5.0,100,20,5,18,41.72222222222222,0,0,1,0,1,0,1,0,14.10723270829978,1,0,0,1,0,0,0,0,0,0
147,5.0,1000,20,510,30,90.5,0,0,1,0,0,0,1,1,14.217484244815138,1,0,0,0,0,1,0,0,0,0
148,5.0,1500,20,5,25,160.52,0,1,1,0,0,0,0,0,13.428831384024353,0,1,0,1,0,0,0,0,0,0
149,5.0,50,20,10,8,10.125,0,1,0,0,0,0,1,0,13.33325781368447,1,0,0,0,1,0,0,0,0,0
150,5.0,500,20,100,11,174.0909090909091,0,0,1,0,0,0,0,0,13.555648560214529,0,0,1,1,0,0,0,0,0,0
151,5.0,1000,20,5,20,114.1,0,1,0,0,0,0,1,0,13.518371912740738,1,0,0,1,0,0,0,0,0,0
152,5.0,300,20,5,15,26.133333333333333,0,0,0,0,0,0,0,0,13.172700915202025,1,0,0,1,0,0,0,0,0,0
153,5.0,100,20,15,12,25.166666666666668,0,0,1,0,0,0,0,0,13.254119445071657,0,0,1,0,0,1,0,0,0,0
154,5.0,500,8,50,8,323.4375,0,0,0,0,0,0,0,0,13.239543564717493,0,0,1,1,0,0,0,0,0,0
155,5.0,100,8,100,5,84.0,0,0,0,0,0,0,0,0,13.054919305907228,1,0,0,1,0,0,0,0,0,0
156,5.0,36,8,5,16,11.1875,0,0,0,0,0,0,0,0,13.744205730250671,1,0,0,1,0,0,0,0,0,0
157,50.0,25000,8,15000,14,7373.214285714285,0,0,0,0,0,0,0,0,13.433545644481597,1,0,0,0,0,1,0,0,0,0
158,5.0,25,8,10,15,16.066666666666666,0,0,0,0,0,0,0,0,13.697264039916519,1,0,0,1,0,0,0,0,0,0
159,5.0,20,8,5,26,6.230769230769231,0,0,0,0,0,0,1,0,12.760443273059373,0,0,1,1,0,0,0,0,0,0
160,5.0,1000,8,10,10,114.0,0,0,0,0,1,0,0,0,13.692301704142668,1,0,0,1,0,0,0,0,0,0
161,5.0,86,8,5,9,19.0,0,0,0,0,0,0,0,0,13.983627539091268,1,0,0,1,0,0,0,0,0,0
162,5.0,500,8,500,22,107.54545454545455,0,1,0,0,0,0,0,0,13.270731657046932,1,0,0,1,0,0,0,0,0,0
163,5.0,75,8,35,15,40.46666666666667,0,0,0,0,0,0,1,1,13.283112241259815,1,0,0,1,0,0,0,0,0,0
164,5.0,60,8,5,7,21.428571428571427,0,0,0,0,0,0,0,0,13.739578307441555,0,0,1,1,0,0,0,0,0,0
165,5.0,50,8,30,29,13.655172413793103,0,0,0,0,0,0,1,0,14.680814474797074,1,0,0,1,0,0,0,0,0,0
166,5.0,20,8,3,9,6.777777777777778,0,0,0,0,0,0,0,0,12.833074681690965,1,0,0,0,1,0,0,0,0,0
167,5.0,50,8,3,21,19.095238095238095,0,0,0,0,0,0,0,0,13.555564267839243,0,0,1,1,0,0,0,0,0,0
168,5.0,25,8,5,7,9.285714285714286,0,0,0,0,0,0,0,0,13.59122135063676,0,0,1,0,0,0,1,0,0,0
169,5.0,35,8,5,13,13.076923076923077,0,0,0,0,0,0,0,0,13.332899791679305,1,0,0,1,0,0,0,0,0,0
170,5.0,25,8,25,13,13.846153846153847,0,0,0,0,0,0,1,0,13.274412994401255,1,0,0,0,0,1,0,0,0,0
171,5.0,25,8,25,2,20.0,0,0,0,0,0,0,0,0,13.239993512483126,1,0,0,1,0,0,0,0,0,0
172,5.0,20,8,5,11,8.0,0,1,0,1,0,0,1,0,12.867246586438988,0,0,1,1,0,0,0,0,0,0
173,5.0,20,8,5,13,6.846153846153846,0,0,0,0,0,0,1,0,14.606538701939938,0,0,1,1,0,0,0,0,0,0
174,5.0,50,8,5,10,11.6,0,0,0,0,0,0,0,0,13.051749907742956,0,0,1,1,0,0,0,0,0,0
175,5.0,175,19,175,7,106.85714285714286,0,0,0,0,0,0,0,0,13.322704927795092,1,0,0,1,0,0,0,0,0,0
176,5.0,20,19,5,14,11.571428571428571,0,0,0,0,1,0,0,0,13.0161269226683,0,1,0,0,0,1,0,0,0,0
177,5.0,20,19,5,14,8.0,0,0,0,1,1,0,0,0,13.84037291224527,1,0,0,1,0,0,0,0,0,0
178,5.0,10,19,10,2,10.0,0,0,0,0,0,0,0,0,12.473083788820796,0,0,1,1,0,0,0,0,0,0
179,5.0,27,19,10,9,14.333333333333334,0,0,0,0,1,0,0,0,12.864561091271897,1,0,0,1,0,0,0,0,0,0
180,5.0,20,19,3,12,6.833333333333333,0,0,0,0,0,0,0,0,12.65500903569521,0,0,1,1,0,0,0,0,0,0
181,5.0,20,19,20,9,11.11111111111111,0,0,0,0,0,0,0,0,12.489257118929505,1,0,0,0,0,1,0,0,0,0
182,5.0,250,19,20,15,25.333333333333332,0,0,0,0,0,0,1,0,13.013289308367849,1,0,0,1,0,0,0,0,0,0
183,5.0,27,19,5,14,9.357142857142858,0,0,0,0,1,0,0,0,13.536478962019936,1,0,0,1,0,0,0,0,0,0
184,5.0,25,3,10,4,15.0,0,0,0,0,0,0,0,0,12.813160722816642,1,0,0,1,0,0,0,0,0,0
185,5.0,20,3,20,9,11.555555555555555,0,1,0,0,0,0,0,0,12.454337985618164,1,0,0,1,0,0,0,0,0,0
186,5.0,20,3,10,14,7.5,0,0,0,0,0,0,0,0,14.102992110313243,0,0,1,1,0,0,0,0,0,0
187,5.0,25,14,25,4,11.25,0,0,0,0,0,0,0,0,14.441202969265625,0,0,1,1,0,0,0,0,0,0
188,5.0,25,14,5,8,10.625,0,0,0,0,0,0,1,0,12.81616696745459,1,0,0,1,0,0,0,0,0,0
189,5.0,5,14,5,9,4.666666666666667,0,0,0,0,0,0,0,0,13.701117146037,0,0,1,1,0,0,0,0,0,0
190,5.0,20,14,0,10,7.8,1,0,0,0,0,0,0,0,13.257930446632551,1,0,0,1,0,0,0,0,0,0
191,5.0,27,32,27,1,27.0,0,0,0,0,0,0,0,0,13.00523837519644,1,0,0,1,0,0,0,0,0,0
192,5.0,15,5,3,3,7.666666666666667,0,0,0,0,0,0,0,0,12.933007537952962,1,0,0,0,1,0,0,0,0,0
193,5.0,20,22,20,1,20.0,0,0,0,0,0,0,0,0,12.472390622228179,1,0,0,1,0,0,0,0,0,0
194,5.0,10,3,5,8,4.75,0,0,0,0,0,0,0,0,16.157693216170866,0,0,1,1,0,0,0,0,0,0
195,5.0,20,3,20,6,12.5,0,0,0,0,0,0,0,0,13.600271930251633,1,0,0,1,0,0,0,0,0,0
196,5.0,5,18,5,2,5.0,0,0,0,0,0,0,0,0,12.973009176060613,0,0,1,1,0,0,0,0,0,0
197,5.0,5,46,5,2,5.0,0,0,0,0,0,0,0,0,14.153716291211639,0,0,1,1,0,0,0,0,0,0
198,5.0,5,9,5,2,3.5,0,0,0,0,0,0,0,0,12.496934656613579,0,0,1,1,0,0,0,0,0,0
199,5.0,5,45,5,1,5.0,0,0,0,0,0,0,0,0,11.775297421715827,1,0,0,1,0,0,0,0,0,0
200,5.0,5,20,5,1,5.0,0,0,0,0,0,0,0,0,11.493650898225532,1,0,0,1,0,0,0,0,0,0
201,5.0,5,51,5,1,5.0,0,0,0,0,0,0,0,0,11.830600711329938,1,0,0,1,0,0,0,0,0,0
202,5.0,5,20,5,1,5.0,0,0,0,0,0,0,0,0,11.492814590170669,0,1,0,0,0,0,1,0,0,0
203,5.0,5,22,5,1,5.0,0,0,0,0,0,0,0,0,11.524567433504155,1,0,0,1,0,0,0,0,0,0
204,5.0,5,20,5,1,5.0,0,0,0,0,0,0,0,0,11.490291232461294,0,0,1,1,0,0,0,0,0,0
205,6.46,5,20,5,1,5.0,0,0,0,0,0,0,0,0,11.490291232461294,1,0,0,1,0,0,0,0,0,0
206,7.0,5,20,5,4,4.25,0,0,0,0,0,0,0,0,13.434023172827438,0,0,1,0,0,0,1,0,0,0
207,8.0,250,20,15,27,32.370370370370374,0,0,0,0,0,0,1,0,13.64097024858872,1,0,0,1,0,0,0,0,0,0
208,8.0,25,20,10,10,9.5,0,0,0,0,1,0,0,0,12.678947149867593,0,0,1,0,0,0,1,0,0,0
209,8.0,10,20,5,17,6.352941176470588,0,0,0,1,0,0,0,0,13.492578438819063,0,0,1,1,0,0,0,0,0,0
210,8.0,25,4,25,6,11.943333307902018,0,0,0,0,0,0,0,0,13.168147122058253,0,0,1,0,0,0,0,1,0,0
211,8.0,5,28,5,1,5.0,0,0,0,0,0,0,0,0,11.593195839033498,0,0,1,0,1,0,0,0,0,0
212,9.0,1000,28,10,13,88.53846153846153,0,0,0,0,0,0,1,0,13.955177713238582,0,1,0,1,0,0,0,0,0,0
213,9.0,500,28,500,17,88.52941176470588,0,0,1,0,0,0,0,1,13.788106472651986,1,0,0,0,0,1,0,0,0,0
214,10.0,2900,28,8,30,432.6,1,0,1,0,0,0,1,0,16.500675750109185,0,0,1,0,1,0,0,0,0,0
215,10.0,500,28,25,23,55.26086956521739,0,0,1,0,0,0,1,1,15.392510399036917,1,0,0,1,0,0,0,0,0,0
216,10.0,375,28,63,29,133.58620689655172,1,1,1,0,0,0,1,1,15.240422084754686,1,0,0,1,0,0,0,0,0,0
217,10.0,1550,28,20,28,165.57142857142858,1,1,1,0,0,0,1,0,15.440527091087127,0,0,1,0,0,1,0,0,0,0
218,10.0,430,28,50,29,86.51724137931035,0,1,1,0,0,0,1,0,14.949215821614699,1,0,0,1,0,0,0,0,0,0
219,10.0,126,28,31,17,60.94117647058823,0,0,1,0,0,0,1,1,14.848982900230446,0,0,1,1,0,0,0,0,0,0
220,10.0,300,28,15,29,75.89655172413794,1,1,1,0,0,0,1,0,14.803842470506439,0,0,1,1,0,0,0,0,0,0
221,10.0,2000,28,10,10,223.5,0,0,1,0,0,0,1,0,14.346749798804758,1,0,0,0,0,1,0,0,0,0
222,10.0,300,28,50,26,67.11538461538461,1,0,1,0,0,0,1,0,14.846306068990144,1,0,0,1,0,0,0,0,0,0
223,10.0,100,28,13,10,41.8,0,0,1,0,0,0,0,0,14.043386891973093,1,0,0,1,0,0,0,0,0,0
224,10.0,100,28,50,22,53.45454545454545,0,0,1,0,1,0,0,0,14.784419166579312,0,0,1,1,0,0,0,0,0,0
225,10.0,250,28,4,19,89.36842105263158,0,0,1,0,0,0,1,0,14.333622571401234,0,0,1,0,0,0,1,0,0,0
226,10.0,150,28,50,4,75.0,0,0,0,0,0,0,0,0,14.713300806384854,0,0,1,0,0,1,0,0,0,0
227,10.0,100,28,50,13,42.23076923076923,0,0,1,0,0,0,1,0,14.323659201814698,1,0,0,0,0,0,1,0,0,0
228,10.0,200,28,25,18,54.27777777777778,0,0,1,0,0,0,0,1,14.204294641500821,0,0,1,1,0,0,0,0,0,0
229,10.0,100,28,15,7,54.857142857142854,0,0,1,0,0,1,1,0,13.768571978553307,0,0,1,1,0,0,0,0,0,0
230,10.0,1000,28,10,27,53.2962962962963,0,1,0,0,0,0,1,1,14.349375330541527,1,0,0,1,0,0,0,0,0,0
231,10.0,100,28,79,13,32.53846153846154,0,0,0,0,0,0,0,0,14.042536164342597,1,0,0,0,0,1,0,0,0,0
232,10.0,100,28,24,12,48.166666666666664,0,1,1,0,0,0,1,0,13.452747116684984,1,0,0,0,0,0,0,1,0,0
233,10.0,250,28,13,17,55.0,0,0,1,0,0,0,0,0,13.375371703563168,1,0,0,0,0,1,0,0,0,0
234,10.0,500,28,20,11,68.63636363636364,0,0,1,0,1,0,0,0,13.355564976542302,1,0,0,0,0,0,1,0,0,0
235,10.0,275,28,15,25,40.8,1,1,1,0,0,0,1,0,13.443488446411461,1,0,0,1,0,0,0,0,0,0
236,10.0,100,28,5,27,20.074074074074073,0,1,1,0,0,0,1,1,14.1242753204352,1,0,0,0,0,1,0,0,0,0
237,10.0,360,28,12,26,79.34615384615384,1,1,1,0,0,0,1,0,14.19093217972386,1,0,0,1,0,0,0,0,0,0
238,10.0,1500,28,10,27,91.88888888888889,0,0,1,0,0,0,1,1,13.357870187701938,1,0,0,1,0,0,0,0,0,0
239,10.0,500,28,10,24,30.75,0,0,1,0,0,0,1,0,14.283187106657147,1,0,0,1,0,0,0,0,0,0
240,10.0,60,28,2,15,12.533333333333333,0,0,0,0,0,0,1,1,13.147992137038143,0,0,1,1,0,0,0,0,0,0
241,10.0,500,28,100,13,124.46153846153847,0,0,1,0,0,0,0,1,13.433762464754556,0,0,1,1,0,0,0,0,0,0
242,10.0,50,28,15,19,24.94736842105263,0,0,1,0,0,0,1,0,13.767577926008972,0,0,1,1,0,0,0,0,0,0
243,10.0,300,28,8,8,115.125,0,0,1,0,0,0,0,0,13.340272452721688,0,0,1,0,0,1,0,0,0,0
244,10.0,1000,28,25,6,362.5,0,0,0,0,1,0,0,0,12.864369548654373,0,0,1,1,0,0,0,0,0,0
245,10.0,150,28,100,6,71.66666666666667,0,1,1,0,1,0,0,0,13.765951548308884,1,0,0,1,0,0,0,0,0,0
246,10.0,100,28,1,21,20.952380952380953,0,0,0,0,1,0,0,0,13.98797031331955,0,0,1,0,0,1,0,0,0,0
247,10.0,118,28,118,3,59.0,0,0,0,0,0,0,0,0,13.649059200715351,1,0,0,1,0,0,0,0,0,0
248,10.0,1000,28,3,8,138.875,0,0,0,0,0,0,0,0,13.024216778764698,1,0,0,1,0,0,0,0,0,0
249,10.0,200,28,5,12,55.083333333333336,0,0,0,0,0,0,0,0,13.181984201466681,1,0,0,0,0,1,0,0,0,0
250,10.0,100,28,15,10,41.0,0,0,1,0,1,0,0,0,13.10268706213045,0,0,1,1,0,0,0,0,0,0
251,10.0,500,28,5,19,64.94736842105263,0,0,0,0,0,0,1,0,12.910053430109006,1,0,0,1,0,0,0,0,0,0
252,10.0,25,28,3,8,9.5,0,0,0,0,1,0,0,0,14.11234685237941,0,0,1,1,0,0,0,0,0,0
253,10.0,250,28,100,24,54.375,0,0,1,0,0,0,1,0,14.094831775676179,1,0,0,1,0,0,0,0,0,0
254,10.0,100,28,5,8,41.25,0,0,0,0,0,0,1,0,14.491787228368109,1,0,0,0,0,0,1,0,0,0
255,10.0,500,28,250,6,208.33333333333334,0,0,0,0,0,0,0,0,13.173586769348761,0,0,1,1,0,0,0,0,0,0
256,10.0,1000,28,10,21,108.52380952380952,1,1,1,0,0,0,1,0,13.372897946118242,1,0,0,1,0,0,0,0,0,0
257,10.0,250,28,5,24,36.166666666666664,0,0,1,0,0,0,0,0,13.940633700118259,0,0,1,1,0,0,0,0,0,0
258,10.0,27,28,14,17,13.058823529411764,0,0,0,0,0,0,0,0,13.623320466971714,1,0,0,1,0,0,0,0,0,0
259,10.0,25,28,15,12,13.833333333333334,0,0,0,0,0,0,0,0,12.673109377886782,1,0,0,1,0,0,0,0,0,0
260,10.0,210,28,10,12,50.25,0,0,1,0,0,0,1,0,13.04776266849117,0,0,1,0,0,0,1,0,0,0
261,10.0,300,28,300,15,44.333333333333336,0,1,0,0,0,0,0,0,14.412020728870349,0,0,1,1,0,0,0,0,0,0
262,10.0,500,28,100,10,127.7,0,0,0,0,0,0,0,0,13.680705211347707,0,0,1,1,0,0,0,0,0,0
263,10.0,20,28,5,6,12.5,0,0,0,0,0,0,0,0,13.072313520154616,0,0,1,1,0,0,0,0,0,0
264,10.0,100,28,100,8,31.25,0,0,0,0,0,0,0,0,16.020440263302575,0,1,0,1,0,0,0,0,0,0
265,10.0,50,28,5,22,18.90909090909091,0,0,0,0,0,0,0,0,12.70053715320092,1,0,0,1,0,0,0,0,0,0
266,10.0,50,28,50,9,27.77777777777778,0,0,0,0,0,0,0,0,13.024984258821425,1,0,0,1,0,0,0,0,0,0
267,10.0,15,28,15,4,15.0,0,0,0,0,0,0,0,0,13.150291724963147,0,0,1,1,0,0,0,0,0,0
268,10.0,100,28,25,7,31.428571428571427,0,0,0,0,0,0,0,1,13.567493971534528,1,0,0,1,0,0,0,0,0,0
269,10.0,25,28,25,5,16.0,0,0,0,0,0,0,0,0,13.701045387102141,0,0,1,1,0,0,0,0,0,0
270,10.0,375,28,375,16,35.5625,0,0,1,0,0,0,1,0,12.804458495640429,1,0,0,1,0,0,0,0,0,0
271,10.0,100,28,100,5,59.0,0,0,0,0,0,0,0,0,13.860246801805605,0,0,1,1,0,0,0,0,0,0
272,10.0,27,28,10,18,16.555555555555557,1,0,0,0,0,0,0,0,13.158050933224681,1,0,0,1,0,0,0,0,0,0
273,10.0,25,28,5,11,17.90909090909091,0,0,0,0,0,0,1,0,12.80463438360025,1,0,0,0,1,0,0,0,0,0
274,10.0,500,28,20,10,82.0,0,0,0,0,0,0,0,0,13.526611745584598,0,0,1,0,1,0,0,0,0,0
275,10.0,50,28,25,10,17.5,0,0,0,0,0,1,0,0,12.962586567211565,1,0,0,1,0,0,0,0,0,0
276,10.0,50,28,50,1,50.0,0,0,0,0,0,0,0,0,13.020266419433021,1,0,0,1,0,0,0,0,0,0
277,10.0,44,28,25,6,30.833333333333332,0,0,0,0,0,0,0,0,13.2953616067374,0,0,1,1,0,0,0,0,0,0
278,10.0,75,28,20,11,14.727272727272727,0,1,0,0,0,0,0,0,13.14243263581794,1,0,0,0,0,1,0,0,0,0
279,10.0,250,28,100,23,31.08695652173913,0,0,0,0,1,0,1,0,13.894303253929372,1,0,0,1,0,0,0,0,0,0
280,10.0,1500,28,1500,12,259.6666666666667,0,1,0,0,0,0,0,0,13.278500083774643,1,0,0,1,0,0,0,0,0,0
281,10.0,25,28,15,8,15.0,0,0,0,0,0,0,0,0,13.507233864672207,1,0,0,1,0,0,0,0,0,0
282,10.0,20,28,10,15,10.4,0,1,0,0,0,0,0,0,13.182745146204946,1,0,0,1,0,0,0,0,0,0
283,10.0,500,28,5,29,40.793103448275865,0,0,0,0,0,0,0,0,13.359820006165634,1,0,0,0,1,0,0,0,0,0
284,10.0,20,28,5,13,11.153846153846153,0,0,0,0,0,0,1,0,13.210141626938695,0,0,1,0,0,0,0,1,0,0
285,10.0,100,28,100,15,30.4,0,0,0,0,0,0,1,0,12.806909891047,1,0,0,1,0,0,0,0,0,0
286,10.0,211,28,5,16,24.25,0,0,0,0,0,0,0,0,14.36892947058207,0,0,1,1,0,0,0,0,0,0
287,10.0,20,28,3,2,11.5,0,0,0,0,0,1,0,0,13.537432881949792,1,0,0,1,0,0,0,0,0,0
288,10.0,31,28,5,13,14.153846153846153,1,0,0,0,0,0,0,0,14.140825063689588,0,0,1,1,0,0,0,0,0,0
289,10.0,25,28,22,8,21.75,0,0,0,0,0,0,0,0,12.769964990232857,1,0,0,1,0,0,0,0,0,0
290,10.0,200,28,100,7,63.857142857142854,0,0,0,0,0,0,0,0,13.004691835532283,1,0,0,1,0,0,0,0,0,0
291,10.0,17,28,17,2,13.5,0,0,0,0,0,0,0,0,12.542876969861302,0,0,1,1,0,0,0,0,0,0
292,10.0,100,13,100,3,70.0,0,0,0,0,0,0,0,0,13.921250701554298,1,0,0,0,0,1,0,0,0,0
293,10.0,159,8,5,3,59.666666666666664,0,0,0,0,0,0,0,0,13.557361397451249,1,0,0,1,0,0,0,0,0,0
294,10.0,50,8,50,6,29.166666666666668,0,0,0,0,0,0,0,0,12.885719100036264,0,1,0,0,0,0,1,0,0,0
295,10.0,100,13,25,9,38.333333333333336,1,0,0,0,0,0,1,0,13.503437427449985,1,0,0,1,0,0,0,0,0,0
296,10.0,100,13,15,3,43.333333333333336,0,0,0,0,0,0,0,0,13.584560363954706,1,0,0,1,0,0,0,0,0,0
297,10.0,25,4,20,8,18.75,0,0,0,0,0,0,0,0,12.697883631454731,1,0,0,1,0,0,0,0,0,0
298,10.0,75,4,20,17,20.294117647058822,0,0,0,0,1,0,0,0,13.151149065336025,1,0,0,0,0,1,0,0,0,0
299,10.0,12,4,10,7,7.428571428571429,0,0,0,0,0,0,0,0,13.003217163041898,1,0,0,1,0,0,0,0,0,0
300,10.0,50,4,5,4,27.5,0,0,0,0,0,0,0,0,13.79124245525683,1,0,0,1,0,0,0,0,0,0
301,10.0,25,3,5,8,15.9375,0,0,0,0,1,0,0,0,12.972932541568783,1,0,0,1,0,0,0,0,0,0
302,10.0,25,8,25,7,17.571428571428573,0,0,0,0,0,0,0,0,13.089265640514,1,0,0,0,0,1,0,0,0,0
303,10.0,50,8,20,12,12.583333333333334,0,0,0,0,0,0,0,0,13.226739608813306,1,0,0,1,0,0,0,0,0,0
304,10.0,25,8,1,9,16.333333333333332,0,0,0,0,0,0,0,0,14.181484729745497,1,0,0,1,0,0,0,0,0,0
305,10.0,30,11,20,6,17.5,0,0,0,0,0,0,0,0,13.044899009620593,0,0,1,1,0,0,0,0,0,0
306,10.0,3,11,3,2,3.0,0,0,0,0,0,0,0,0,12.76604551256241,1,0,0,1,0,0,0,0,0,0
307,10.0,100,10,100,8,32.5,0,0,0,0,0,0,0,0,13.101805504982334,0,0,1,1,0,0,0,0,0,0
308,10.0,20,12,3,9,9.444444444444445,0,0,0,0,0,0,0,0,12.816854005411269,1,0,0,1,0,0,0,0,0,0
309,10.0,100,3,50,9,44.5,0,0,0,0,1,0,0,0,13.866557221941045,0,0,1,1,0,0,0,0,0,0
310,10.0,20,8,10,9,8.777777777777779,0,0,0,0,0,0,0,0,13.197467139309111,0,1,0,0,0,1,0,0,0,0
311,10.0,10,18,10,7,10.0,0,0,0,0,0,0,0,0,14.035207376112362,0,0,1,1,0,0,0,0,0,0
312,10.0,10,18,10,2,8.0,0,0,0,0,0,0,0,0,12.993877520344766,0,0,1,1,0,0,0,0,0,0
313,10.0,20,4,20,8,15.625,0,0,0,0,1,0,0,0,12.905539812834936,0,0,1,1,0,0,0,0,0,0
314,10.0,25,4,25,7,8.571428571428571,0,0,0,0,0,0,0,0,13.263974044616758,1,0,0,1,0,0,0,0,0,0
315,10.0,25,6,3,6,17.666666666666668,0,0,0,0,0,0,0,0,13.080774422178221,1,0,0,0,0,0,0,0,0,1
316,10.0,20,14,1,5,10.379999995231628,0,0,0,0,0,0,0,0,12.630362779054472,0,1,0,1,0,0,0,0,0,0
317,10.0,20,14,5,10,10.3,0,0,0,0,0,0,0,0,13.263812591188342,1,0,0,1,0,0,0,0,0,0
318,10.0,15,18,15,6,8.333333333333334,0,0,0,0,0,0,0,0,12.696656785716652,1,0,0,1,0,0,0,0,0,0
319,10.0,50,111,50,1,50.0,0,0,0,0,0,0,0,0,13.161141685018402,1,0,0,1,0,0,0,0,0,0
320,10.0,20,17,20,4,12.5,0,0,0,0,0,0,0,0,13.089528153550727,0,0,1,0,1,0,0,0,0,0
321,10.0,25,15,20,6,14.166666666666666,0,0,0,0,0,0,0,0,12.084723885226934,0,0,1,1,0,0,0,0,0,0
322,10.0,25,60,25,5,25.0,0,0,0,0,0,0,0,0,12.654479100743496,0,0,1,1,0,0,0,0,0,0
323,10.0,20,15,5,9,8.666666666666666,0,1,0,0,0,0,0,1,12.968741224548747,0,0,1,0,1,0,0,0,0,0
324,10.0,25,8,25,8,9.551249999552965,0,1,0,0,0,0,0,0,12.766468129423687,1,0,0,1,0,0,0,0,0,0
325,10.0,13,19,5,4,8.875,0,0,0,0,0,0,0,0,13.27212558481425,0,0,1,1,0,0,0,0,0,0
326,10.0,20,22,5,4,8.75,0,0,0,0,0,0,1,0,12.413558248487675,0,0,1,1,0,0,0,0,0,0
327,10.0,20,23,5,10,5.3,0,0,0,0,0,0,0,0,12.9644901106735,0,0,1,0,0,1,0,0,0,0
328,10.0,20,13,3,7,6.857142857142857,0,0,0,0,0,0,0,0,13.920699058828404,1,0,0,0,0,0,1,0,0,0
329,10.0,20,15,1,7,9.142857142857142,0,0,0,0,0,0,0,0,13.088254217972752,0,0,1,1,0,0,0,0,0,0
330,10.0,25,18,2,6,10.583333333333334,0,0,0,0,0,0,0,0,12.827535836791677,1,0,0,1,0,0,0,0,0,0
331,10.0,15,22,15,5,4.0899999916553496,0,0,0,0,0,0,0,0,12.549772272956506,0,0,1,1,0,0,0,0,0,0
332,10.0,20,51,20,2,12.59000015258789,0,0,0,0,0,0,0,0,12.958617813545196,0,0,1,1,0,0,0,0,0,0
333,10.0,25,18,1,3,12.166666666666666,0,0,0,0,0,0,0,0,13.162158925308452,1,0,0,1,0,0,0,0,0,0
334,10.0,25,8,3,3,10.166666666666666,0,0,0,0,0,0,0,0,13.951173676845002,0,0,1,1,0,0,0,0,0,0
335,10.0,5,42,5,3,5.0,0,0,0,0,0,0,0,0,13.143798005595633,0,0,1,1,0,0,0,0,0,0
336,10.0,10,14,10,2,7.5,0,0,0,0,0,0,0,0,12.406876513942596,0,0,1,1,0,0,0,0,0,0
337,10.0,25,15,3,2,14.0,0,0,0,0,0,0,0,0,13.411116376209723,1,0,0,1,0,0,0,0,0,0
338,10.0,10,86,10,1,10.0,0,0,0,0,0,0,1,0,12.10725732990835,1,0,0,1,0,0,0,0,0,0
339,10.0,20,17,3,6,2.8333333333333335,0,0,0,0,0,0,0,0,13.66500505971615,1,0,0,1,0,0,0,0,0,0
340,10.0,3,4,3,2,3.0,0,0,0,0,0,0,0,0,13.624212028450389,1,0,0,1,0,0,0,0,0,0
341,10.0,5,7,5,1,5.0,0,0,0,0,0,0,0,0,11.31638732981699,1,0,0,1,0,0,0,0,0,0
342,10.0,5,45,5,1,5.0,0,0,0,0,0,0,0,0,11.774027394566664,0,0,1,1,0,0,0,0,0,0
343,10.0,5,28,5,1,5.0,0,0,0,0,0,0,0,0,11.59015498858023,0,0,1,0,1,0,0,0,0,0
344,10.0,5,21,5,1,5.0,0,0,0,0,0,0,0,0,11.502400268913718,0,0,1,1,0,0,0,0,0,0
345,10.0,5,20,5,1,5.0,0,0,0,0,0,0,0,0,11.492396173717736,0,0,1,0,1,0,0,0,0,0
346,10.0,5,45,5,1,5.0,0,0,0,0,0,0,0,0,11.77434312770548,0,1,0,1,0,0,0,0,0,0
347,10.0,5,20,5,1,5.0,0,0,0,0,0,0,0,0,11.496989153831874,1,0,0,1,0,0,0,0,0,0
348,10.0,5,20,5,1,5.0,0,0,0,0,0,0,0,0,11.490291232461294,0,0,1,1,0,0,0,0,0,0
349,10.0,5,45,5,1,5.0,0,0,0,0,0,0,0,0,11.775297421715827,0,1,0,1,0,0,0,0,0,0
350,10.0,5,3,5,1,5.0,0,0,0,0,0,0,0,0,11.24275581760308,1,0,0,1,0,0,0,0,0,0
351,10.0,5,11,5,1,5.0,0,0,0,0,0,0,0,0,11.36610617801877,1,0,0,1,0,0,0,0,0,0
352,10.0,5,146,5,1,5.0,0,0,0,0,0,0,0,0,14.423654162733905,1,0,0,1,0,0,0,0,0,0
353,10.0,5,20,5,1,5.0,0,0,0,0,0,0,0,0,11.48903228275023,1,0,0,1,0,0,0,0,0,0
354,10.0,5,29,5,1,5.0,0,0,0,0,0,0,0,0,11.60599677674251,0,0,1,1,0,0,0,0,0,0
355,10.0,5,21,5,1,5.0,0,0,0,0,0,0,0,0,11.501156481370229,0,1,0,1,0,0,0,0,0,0
356,10.0,5,11,5,1,5.0,0,0,0,0,0,0,0,0,11.371327337839173,1,0,0,1,0,0,0,0,0,0
357,10.0,5,24,5,1,5.0,0,0,0,0,0,0,0,0,11.549816543553977,0,0,1,1,0,0,0,0,0,0
358,10.0,5,20,5,1,5.0,0,0,0,0,0,0,0,0,11.489871758639005,1,0,0,1,0,0,0,0,0,0
359,10.0,5,20,5,1,5.0,0,0,0,0,0,0,0,0,11.488192101549553,1,0,0,1,0,0,0,0,0,0
360,10.0,5,45,5,1,5.0,0,0,0,0,0,0,0,0,11.775297421715827,0,0,1,1,0,0,0,0,0,0
361,10.0,5,20,5,1,5.0,0,0,0,0,0,0,0,0,11.488192101549553,1,0,0,1,0,0,0,0,0,0
362,10.0,5,3,5,1,5.0,0,0,0,0,0,0,0,0,11.243829593994127,1,0,0,1,0,0,0,0,0,0
363,10.0,5,20,5,1,5.0,0,0,0,0,0,0,0,0,11.491558815228338,1,0,0,1,0,0,0,0,0,0
364,10.0,5,45,5,1,5.0,0,0,0,0,0,0,0,0,11.773711561708948,0,0,1,1,0,0,0,0,0,0
365,10.0,5,45,5,1,5.0,0,0,0,0,0,0,0,0,11.774974295078147,0,0,1,1,0,0,0,0,0,0
366,10.0,5,75,5,1,5.0,0,0,0,0,0,0,0,0,12.344424899108636,1,0,0,1,0,0,0,0,0,0
367,10.0,5,40,5,1,5.0,0,0,0,0,0,0,0,0,11.724425492789303,1,0,0,1,0,0,0,0,0,0
368,10.0,5,19,5,1,5.0,0,0,0,0,0,0,0,0,11.475483169494359,1,0,0,1,0,0,0,0,0,0
369,10.0,5,45,5,1,5.0,0,0,0,0,0,0,0,0,11.774027394566664,0,0,1,1,0,0,0,0,0,0
370,10.0,1,70,1,2,1.0,0,0,0,0,0,0,0,0,13.23377057497846,1,0,0,1,0,0,0,0,0,0
371,10.0,1,22,1,2,0.7049999982118607,0,0,0,0,0,0,0,0,13.946802820607267,1,0,0,1,0,0,0,0,0,0
372,10.0,1,8,1,1,1.0,0,0,0,0,0,0,0,0,13.408448675690517,0,1,0,1,0,0,0,0,0,0
373,10.0,50,8,10,11,16.181818181818183,0,0,0,0,1,0,0,0,14.379830122917436,1,0,0,0,0,1,0,0,0,0
374,11.0,128,8,20,30,43.333333333333336,1,0,1,0,0,0,1,1,14.859339961928706,0,1,0,1,0,0,0,0,0,0
375,11.0,5,23,5,1,5.0,0,0,0,0,0,0,0,0,11.531442953103221,1,0,0,1,0,0,0,0,0,0
376,12.0,25,65,25,1,25.0,0,0,0,0,0,0,0,0,13.835542570714304,0,0,1,1,0,0,0,0,0,0
377,12.0,25,22,25,1,25.0,0,0,0,0,0,0,0,0,13.043404582085497,0,0,1,1,0,0,0,0,0,0
378,15.0,100,22,50,22,53.40909090909091,0,0,1,0,0,0,1,1,16.077208445978574,0,0,1,1,0,0,0,0,0,0
379,15.0,250,22,24,15,38.733333333333334,0,1,0,0,0,0,0,0,13.781917579364679,0,0,1,1,0,0,0,0,0,0
380,15.0,500,22,50,22,74.81818181818181,0,1,1,0,0,0,0,0,13.780955344422354,1,0,0,1,0,0,0,0,0,0
381,15.0,500,22,5,24,122.75,0,0,1,0,0,0,1,0,13.900843861108548,1,0,0,1,0,0,0,0,0,0
382,15.0,100,22,50,21,26.38095238095238,0,0,1,0,0,0,1,0,13.390478764723388,1,0,0,1,0,0,0,0,0,0
383,15.0,250,22,10,27,64.74074074074075,0,0,1,0,0,0,1,0,14.41605274639803,0,0,1,1,0,0,0,0,0,0
384,15.0,100,22,35,30,38.13333333333333,0,0,1,0,0,0,1,0,13.496844054211248,0,0,1,1,0,0,0,0,0,0
385,15.0,25,22,10,15,17.8,0,0,1,0,0,0,1,0,13.465838181576608,0,0,1,1,0,0,0,0,0,0
386,15.0,50,22,5,14,18.928571428571427,0,0,0,0,0,0,0,0,12.856946257712774,1,0,0,1,0,0,0,0,0,0
387,15.0,100,22,20,11,50.0,0,0,0,1,1,0,0,1,13.397665128967157,0,0,1,1,0,0,0,0,0,0
388,15.0,200,22,5,10,48.5,0,0,0,0,0,0,0,0,13.270717863134875,0,0,1,1,0,0,0,0,0,0
389,15.0,250,22,5,6,61.666666666666664,0,0,0,0,0,0,0,0,14.073797289813928,0,0,1,1,0,0,0,0,0,0
390,15.0,25,22,5,16,13.625,0,0,0,0,0,0,0,0,13.029317831380109,1,0,0,0,0,1,0,0,0,0
391,15.0,5,22,5,2,5.0,0,0,0,0,0,0,1,0,13.472139579651904,1,0,0,1,0,0,0,0,0,0
392,15.0,5,26,5,1,5.0,0,0,0,0,0,0,0,0,12.755563058721712,1,0,0,1,0,0,0,0,0,0
393,16.48,1020,26,73,27,94.0,1,0,1,0,0,0,1,0,15.324322727989975,0,0,1,1,0,0,0,0,0,0
394,17.0,1000,26,5,29,102.82758620689656,1,1,0,0,0,0,1,0,14.516959681829851,0,0,1,0,0,1,0,0,0,0
395,20.0,1500,26,20,23,140.91304347826087,0,1,0,0,0,0,1,0,13.793867017226264,1,0,0,1,0,0,0,0,0,0
396,20.0,75,26,5,17,28.58823529411765,1,1,1,0,0,1,0,0,13.660530200716538,1,0,0,1,0,0,0,0,0,0
397,20.0,100,26,25,27,27.0,0,1,1,0,0,0,1,0,13.50452301040193,1,0,0,0,0,1,0,0,0,0
398,20.0,80,26,31,28,26.357142857142858,0,1,1,0,0,0,1,0,14.13081095892263,0,0,1,1,0,0,0,0,0,0
399,20.0,255,26,5,14,66.78571428571429,0,0,0,0,0,0,1,0,13.902323831999476,0,0,1,1,0,0,0,0,0,0
400,20.0,50,26,5,9,26.11111111111111,0,0,0,0,0,0,1,0,13.571065481567649,0,0,1,0,1,0,0,0,0,0
401,20.0,150,26,30,5,44.0,0,0,0,0,0,0,0,0,14.118459988910473,0,0,1,1,0,0,0,0,0,0
402,20.0,500,26,500,19,144.68421052631578,0,0,1,0,0,0,0,1,14.46903398416074,1,0,0,1,0,0,0,0,0,0
403,20.0,500,26,500,28,72.07142857142857,1,0,1,0,0,0,1,0,13.276700325596844,0,0,1,1,0,0,0,0,0,0
404,20.0,100,26,25,7,35.714285714285715,0,1,1,0,0,0,0,1,13.002633447779202,0,1,0,0,0,1,0,0,0,0
405,20.0,76,26,10,8,34.0,0,0,0,0,0,0,0,0,14.602856846771623,1,0,0,1,0,0,0,0,0,0
406,20.0,250,20,250,3,183.33333333333334,0,0,0,0,0,0,0,0,13.53871435221286,0,0,1,1,0,0,0,0,0,0
407,20.0,50,5,5,10,23.054000091552734,0,0,0,0,0,0,0,0,13.876691260433317,1,0,0,1,0,0,0,0,0,0
408,20.0,250,5,250,13,75.0,0,0,0,0,0,0,0,0,12.814138403721218,1,0,0,1,0,0,0,0,0,0
409,20.0,25,5,25,9,25.0,0,0,0,0,0,0,0,0,12.577674132277776,1,0,0,1,0,0,0,0,0,0
410,20.0,50,3,50,3,33.333333333333336,0,0,0,0,0,0,0,0,12.533633868164145,0,1,0,1,0,0,0,0,0,0
411,20.0,12,3,5,11,5.454545454545454,0,0,0,0,1,0,0,0,13.515444114786243,0,1,0,0,0,1,0,0,0,0
412,20.0,20,10,15,6,13.833333333333334,0,0,0,0,0,0,0,0,13.245651233695158,1,0,0,1,0,0,0,0,0,0
413,20.0,25,3,25,1,25.0,0,0,0,0,0,0,0,0,12.748559713804243,0,0,1,1,0,0,0,0,0,0
414,20.0,5,30,5,1,5.0,0,0,0,0,0,0,0,0,11.612707449517059,0,0,1,1,0,0,0,0,0,0
415,20.0,5,109,5,1,5.0,0,0,0,0,0,0,0,0,13.012999302632627,0,0,1,1,0,0,0,0,0,0
416,20.0,5,20,5,1,5.0,0,0,0,0,0,0,0,0,11.493650898225532,1,0,0,1,0,0,0,0,0,0
417,20.24,250,20,5,23,82.69565217391305,0,1,1,1,0,0,0,0,14.699704040464404,0,0,1,1,0,0,0,0,0,0
418,21.0,100,20,15,18,12.0,0,0,1,0,0,0,1,0,12.785412626313326,0,0,1,0,0,1,0,0,0,0
419,22.0,5,51,5,1,5.0,0,0,0,0,0,0,0,0,13.039542480801948,1,0,0,0,0,0,0,1,0,0
420,24.0,3300,51,6,28,264.85714285714283,0,1,1,0,0,0,0,0,15.347548500947306,1,0,0,1,0,0,0,0,0,0
421,24.0,5,51,5,1,5.0,0,0,0,0,0,0,0,0,12.730786381456332,1,0,0,1,0,0,0,0,0,0
422,25.0,486,51,8,21,100.80952380952381,0,1,1,0,0,0,1,0,15.510328233696693,0,0,1,1,0,0,0,0,0,0
423,25.0,500,51,25,28,114.35714285714286,1,0,1,0,0,0,1,0,14.972831280792148,0,0,1,0,0,1,0,0,0,0
424,25.0,50,51,15,29,21.103448275862068,0,1,1,0,1,0,1,0,14.905778462223308,1,0,0,1,0,0,0,0,0,0
425,25.0,1800,51,300,17,209.64705882352942,0,0,1,0,1,0,0,0,14.69211281930372,1,0,0,0,0,1,0,0,0,0
426,25.0,2500,51,200,29,223.68965517241378,0,0,1,0,0,0,1,0,14.289130764503302,1,0,0,1,0,0,0,0,0,0
427,25.0,3750,51,3000,17,853.6470588235294,1,1,0,0,0,0,0,0,14.35166527465088,1,0,0,1,0,0,0,0,0,0
428,25.0,400,51,50,28,104.10714285714286,0,0,1,0,0,0,0,0,14.22751159362117,0,0,1,1,0,0,0,0,0,0
429,25.0,310,51,25,20,111.6,1,0,1,0,0,1,1,0,15.286720351114932,0,0,1,1,0,0,0,0,0,0
430,25.0,1650,51,150,25,260.2,1,0,1,0,0,0,1,0,15.03758601603804,1,0,0,1,0,0,0,0,0,0
431,25.0,725,51,50,27,85.37037037037037,1,0,1,0,0,0,1,0,14.01228302884875,1,0,0,1,0,0,0,0,0,0
432,25.0,250,51,43,24,52.75,0,0,0,0,0,0,1,0,14.23788850102284,0,0,1,1,0,0,0,0,0,0
433,25.0,650,51,20,12,151.66666666666666,0,0,0,0,1,1,0,0,14.468858658148857,0,0,1,1,0,0,0,0,0,0
434,25.0,250,51,100,11,100.0,0,1,1,0,0,0,1,0,13.774672938321947,0,0,1,1,0,0,0,0,0,0
435,25.0,1250,51,36,14,208.0,0,1,1,0,0,0,0,0,13.823791178795496,1,0,0,0,0,1,0,0,0,0
436,25.0,1000,51,100,26,212.57692307692307,1,0,1,0,0,0,1,0,15.231668286591486,0,0,1,1,0,0,0,0,0,0
437,25.0,100,51,25,7,53.57142857142857,0,1,1,0,0,1,1,0,13.980527415041633,0,0,1,1,0,0,0,0,0,0
438,25.0,400,51,15,9,151.66666666666666,0,1,1,0,0,0,1,0,14.09689509248426,0,0,1,1,0,0,0,0,0,0
439,25.0,80,51,17,16,31.375,1,1,1,0,0,0,1,0,14.099046798318238,1,0,0,1,0,0,0,0,0,0
440,25.0,2000,51,2000,29,338.9655172413793,1,0,0,0,0,0,0,0,14.538111195411311,0,0,1,1,0,0,0,0,0,0
441,25.0,100,51,18,10,36.9,0,0,1,0,0,1,0,0,13.703817813775588,0,0,1,1,0,0,0,0,0,0
442,25.0,500,51,3,10,136.8,0,0,1,0,0,0,1,0,13.55156714730149,1,0,0,1,0,0,0,0,0,0
443,25.0,2041,51,5,10,262.1,0,0,0,0,1,0,1,0,14.439967678328157,1,0,0,1,0,0,0,0,0,0
444,25.0,75,51,5,11,35.90909090909091,0,0,1,0,0,0,0,0,13.40819774389832,1,0,0,0,0,0,1,0,0,0
445,25.0,2000,51,101,13,270.46153846153845,1,0,1,0,1,1,0,0,13.78812702810134,1,0,0,1,0,0,0,0,0,0
446,25.0,250,51,250,8,100.0,0,0,1,0,0,0,0,0,13.87988531569335,1,0,0,1,0,0,0,0,0,0
447,25.0,100,51,50,17,42.23529411764706,0,0,1,0,0,0,1,0,13.241539220431825,0,0,1,1,0,0,0,0,0,0
448,25.0,2018,51,5,28,166.39285714285714,0,1,1,0,0,0,1,0,14.505080849075544,1,0,0,1,0,0,0,0,0,0
449,25.0,1000,51,1000,20,162.6,0,0,1,0,0,0,0,0,13.433545644481597,1,0,0,0,0,1,0,0,0,0
450,25.0,100,51,25,14,27.857142857142858,0,0,0,0,0,0,0,0,13.223178377843098,0,1,0,1,0,0,0,0,0,0
451,25.0,250,51,175,26,91.73076923076923,0,0,0,0,0,0,1,0,13.497304671129807,0,0,1,1,0,0,0,0,0,0
452,25.0,100,51,100,10,65.0,0,0,1,0,0,0,0,0,13.406121762251773,0,0,1,1,0,0,0,0,0,0
453,25.0,200,51,10,10,39.4,0,0,0,0,0,0,0,0,13.240206855678466,1,0,0,1,0,0,0,0,0,0
454,25.0,250,51,100,12,76.25,0,0,1,0,0,0,1,0,13.017216172327515,0,0,1,1,0,0,0,0,0,0
455,25.0,1500,51,100,14,262.5,0,1,0,0,0,0,1,0,13.466214040649483,1,0,0,1,0,0,0,0,0,0
456,25.0,70,51,40,20,34.45,0,1,0,0,0,0,1,0,12.866885149672287,1,0,0,1,0,0,0,0,0,0
457,25.0,500,51,5,12,119.25,0,0,1,0,0,1,0,0,13.221761553589927,1,0,0,1,0,0,0,0,0,0
458,25.0,44,51,25,8,24.875,0,1,1,0,0,1,0,0,13.334327875294877,0,0,1,1,0,0,0,0,0,0
459,25.0,30,51,30,10,20.5,0,1,0,0,0,0,0,0,13.222769640997017,0,0,1,1,0,0,0,0,0,0
460,25.0,35,51,30,19,18.894736842105264,0,1,0,0,0,0,0,0,12.995652103380248,1,0,0,1,0,0,0,0,0,0
461,25.0,100,51,3,12,23.916666666666668,0,0,0,0,0,0,0,0,13.428195241383257,1,0,0,1,0,0,0,0,0,0
462,25.0,100,51,50,13,28.46153846153846,0,0,1,0,0,0,1,0,13.248326200528899,0,1,0,0,0,1,0,0,0,0
463,25.0,50,51,25,10,29.0,0,1,0,0,1,0,1,0,12.882401690763897,0,0,1,1,0,0,0,0,0,0
464,25.0,61,51,61,7,31.571428571428573,0,0,1,0,0,0,0,0,13.04151117551207,1,0,0,1,0,0,0,0,0,0
465,25.0,250,51,25,16,79.6875,0,1,0,0,0,0,0,0,13.856945164799281,0,0,1,1,0,0,0,0,0,0
466,25.0,250,8,250,9,95.55555555555556,0,0,0,0,0,0,0,0,13.602898851559472,0,0,1,1,0,0,0,0,0,0
467,25.0,30,8,5,11,12.909090909090908,0,0,0,0,0,0,0,0,13.588202095435921,1,0,0,1,0,0,0,0,0,0
468,25.0,2018,8,5,24,125.25,0,0,0,0,1,0,1,0,14.792714999276775,1,0,0,1,0,0,0,0,0,0
469,25.0,50,8,1,9,20.11111111111111,0,0,0,0,0,0,0,0,13.59239575623679,1,0,0,1,0,0,0,0,0,0
470,25.0,2018,8,25,17,266.3529411764706,0,0,0,0,1,0,0,0,12.853120912255607,1,0,0,1,0,0,0,0,0,0
471,25.0,35,8,5,18,16.22222222222222,0,0,0,0,0,0,0,0,13.668417911515578,0,0,1,1,0,0,0,0,0,0
472,25.0,125,8,125,2,87.5,0,0,0,0,0,0,0,1,14.013061391715146,0,1,0,0,0,0,1,0,0,0
473,25.0,50,8,40,10,18.3,0,1,1,0,0,0,0,0,14.381583169959638,0,0,1,1,0,0,0,0,0,0
474,25.0,2500,8,12,9,34.666666666666664,0,0,0,0,0,0,0,0,13.505606052847385,0,1,0,1,0,0,0,0,0,0
475,25.0,50,8,25,2,37.5,0,0,0,0,0,0,0,0,12.919201358950371,0,0,1,1,0,0,0,0,0,0
476,25.0,375,8,375,5,190.0,0,0,1,0,0,0,0,0,16.034322661091917,0,0,1,1,0,0,0,0,0,0
477,25.0,25,8,10,3,18.333333333333332,0,0,0,0,0,0,0,0,13.35262394258659,1,0,0,1,0,0,0,0,0,0
478,25.0,100,8,20,4,41.25,0,0,0,0,0,0,0,0,13.035250904395578,1,0,0,1,0,0,0,0,0,0
479,25.0,100,18,5,6,42.166666666666664,0,0,0,0,0,0,0,0,13.459906469027034,0,0,1,1,0,0,0,0,0,0
480,25.0,60,4,5,10,24.1,0,0,0,0,0,0,0,0,12.790868731995895,1,0,0,1,0,0,0,0,0,0
481,25.0,501,72,101,3,217.33333333333334,0,0,0,0,0,0,0,0,13.610528582274867,1,0,0,1,0,0,0,0,0,0
482,25.0,50,8,31,8,26.25,0,1,0,0,1,0,0,0,12.8997072073006,1,0,0,1,0,0,0,0,0,0
483,25.0,25,8,15,6,14.166666666666666,0,0,0,0,0,0,0,0,13.07472025513074,1,0,0,0,1,0,0,0,0,0
484,25.0,100,19,50,8,50.625,0,0,0,0,0,1,0,0,14.761886943560619,0,0,1,1,0,0,0,0,0,0
485,25.0,150,17,150,7,55.714285714285715,0,0,0,0,0,0,0,0,13.697719772277859,0,0,1,1,0,0,0,0,0,0
486,25.0,50,3,50,8,35.0,1,0,0,0,0,0,0,0,13.138937268525362,1,0,0,1,0,0,0,0,0,0
487,25.0,34,3,34,3,26.0,0,0,0,0,0,0,0,0,13.198953979566042,1,0,0,0,0,1,0,0,0,0
488,25.0,300,3,5,10,13.7,0,0,0,0,0,0,0,0,12.560254985511175,1,0,0,1,0,0,0,0,0,0
489,25.0,50,8,50,3,33.333333333333336,0,0,0,0,0,0,0,0,12.936872002039541,0,0,1,1,0,0,0,0,0,0
490,25.0,25,18,13,4,22.0,0,0,0,0,0,0,0,0,13.168691465531406,1,0,0,0,0,0,0,1,0,0
491,25.0,50,41,50,2,35.0,0,0,0,0,0,0,0,0,12.987107069396837,0,0,1,1,0,0,0,0,0,0
492,25.0,28,41,5,4,12.0,0,0,0,0,0,0,0,0,12.879496595641927,0,0,1,1,0,0,0,0,0,0
493,25.0,20,8,20,4,15.0,0,0,0,0,0,0,0,0,13.662714793158294,0,0,1,1,0,0,0,0,0,0
494,25.0,25,14,25,4,14.25,0,0,0,0,0,0,0,0,13.683476329743886,1,0,0,1,0,0,0,0,0,0
495,25.0,25,66,25,2,25.0,0,0,0,0,0,0,0,0,12.824862592104017,1,0,0,0,1,0,0,0,0,0
496,25.0,25,17,25,2,25.0,0,0,0,0,0,0,0,0,14.14162649562413,0,0,1,1,0,0,0,0,0,0
497,25.0,50,58,50,1,50.0,0,0,0,0,0,0,0,0,12.529278702800909,1,0,0,1,0,0,0,0,0,0
498,25.0,25,58,15,8,8.875,0,0,0,0,0,0,0,0,13.466514626226475,1,0,0,1,0,0,0,0,0,0
499,25.0,35,20,35,4,18.75,0,0,0,0,0,0,0,0,13.054217290151533,1,0,0,1,0,0,0,0,0,0
500,25.0,20,8,20,5,5.458000040054321,0,0,0,0,0,0,0,0,12.622873263302084,0,0,1,1,0,0,0,0,0,0
501,25.0,25,87,25,1,25.0,0,0,0,0,0,0,0,0,13.004210273281057,0,0,1,1,0,0,0,0,0,0
502,25.0,25,31,25,1,25.0,0,0,0,0,0,0,0,0,13.476265681126176,1,0,0,1,0,0,0,0,0,0
503,25.0,25,55,25,1,25.0,0,0,0,0,0,0,0,0,12.267412305763346,0,1,0,1,0,0,0,0,0,0
504,25.0,20,22,20,1,20.0,0,0,0,0,0,0,0,0,13.041246593116966,1,0,0,0,1,0,0,0,0,0
505,25.0,20,22,20,1,20.0,0,0,0,0,0,0,0,0,11.546563315213076,0,0,1,1,0,0,0,0,0,0
506,25.0,10,25,10,1,10.0,0,0,0,0,0,0,0,0,12.880500711581893,0,0,1,1,0,0,0,0,0,0
507,25.0,5,51,5,10,2.330999994277954,0,0,0,1,0,0,0,0,13.22878792677745,1,0,0,1,0,0,0,0,0,0
508,25.0,5,21,5,1,5.0,0,0,0,0,0,0,0,0,11.502814521219499,1,0,0,1,0,0,0,0,0,0
509,25.0,5,11,5,1,5.0,0,0,0,0,0,0,0,0,11.36801529317442,0,1,0,0,0,0,1,0,0,0
510,25.0,5,34,5,1,5.0,0,0,0,0,0,0,0,0,11.664847949928335,1,0,0,0,0,0,1,0,0,0
511,25.0,5,14,5,1,5.0,0,0,0,0,0,0,0,0,11.419361759191913,1,0,0,1,0,0,0,0,0,0
512,25.0,5,20,5,1,5.0,0,0,0,0,0,0,0,0,11.496989153831874,1,0,0,1,0,0,0,0,0,0
513,25.0,5,20,5,1,5.0,0,0,0,0,0,0,0,0,11.488612280387946,0,0,1,1,0,0,0,0,0,0
514,25.0,5,20,5,1,5.0,0,0,0,0,0,0,0,0,11.493232831624493,1,0,0,1,0,0,0,0,0,0
515,25.0,5,99,5,1,5.0,0,0,0,0,0,0,0,0,12.99211117378639,0,1,0,1,0,0,0,0,0,0
516,25.0,5,44,5,1,5.0,0,0,0,0,0,0,0,0,13.420091815701731,1,0,0,1,0,0,0,0,0,0
517,25.0,5,75,5,1,5.0,0,0,0,0,0,0,0,0,12.772661209916112,1,0,0,1,0,0,0,0,0,0
518,25.0,5,24,5,1,5.0,0,0,0,0,0,0,0,0,11.541474048374644,0,0,1,1,0,0,0,0,0,0
519,25.0,5,11,5,1,5.0,0,0,0,0,0,0,0,0,11.36610617801877,1,0,0,1,0,0,0,0,0,0
520,25.0,5,34,5,1,5.0,0,0,0,0,0,0,0,0,11.662732438836994,0,0,1,1,0,0,0,0,0,0
521,30.0,50,34,40,20,27.4,0,1,1,0,0,0,1,0,14.705105712653074,0,0,1,0,0,0,0,0,1,0
522,30.0,250,34,250,23,69.65217391304348,0,0,1,0,0,0,1,0,14.020103913362597,0,0,1,1,0,0,0,0,0,0
523,30.0,100,34,35,3,56.666666666666664,0,0,0,0,0,0,0,0,13.498212908325948,1,0,0,1,0,0,0,0,0,0
524,30.0,50,34,10,7,21.428571428571427,0,0,1,0,0,0,0,0,13.836351861335922,0,0,1,0,0,1,1,0,0,0
525,30.0,50,34,20,15,25.666666666666668,0,0,1,0,0,0,1,0,14.083924180421773,0,0,1,0,0,1,0,0,0,0
526,30.0,95,34,95,4,52.5,0,0,0,0,0,0,0,0,13.650877630841377,1,0,0,1,0,0,0,0,0,0
527,30.0,100,34,5,14,11.571428571428571,0,0,0,0,0,0,1,0,13.14336528527599,1,0,0,0,0,1,0,0,0,0
528,30.0,50,34,20,4,28.75,0,0,0,0,0,0,0,0,14.028583571200716,0,0,1,1,0,0,0,0,0,0
529,30.0,260,128,260,2,142.5,0,0,0,0,0,0,0,0,13.364251741824551,1,0,0,1,0,0,0,0,0,0
530,30.0,25,19,10,6,20.0,0,0,0,0,0,0,0,0,13.940324816535789,1,0,0,1,0,0,0,0,0,0
531,30.0,50,25,15,2,32.5,0,1,0,0,0,0,0,0,12.633820961878795,1,0,0,0,1,0,0,0,0,0
532,30.0,5,22,5,1,5.0,0,0,0,0,0,0,0,0,11.524972605880896,0,1,0,1,0,0,0,0,0,0
533,33.0,175,22,112,27,62.111111111111114,1,0,1,0,0,0,1,0,13.823383484982777,1,0,0,0,1,0,0,0,0,0
534,33.0,30,22,30,20,18.2,0,0,1,0,0,0,1,0,13.233797411850535,0,0,1,1,0,0,0,0,0,0
535,35.0,100,22,100,11,46.81818181818182,0,1,1,0,0,1,1,0,14.703614549888773,0,0,1,1,0,0,0,0,0,0
536,35.0,100,22,50,19,37.89473684210526,0,0,0,0,0,0,0,0,13.274862980668809,1,0,0,1,0,0,0,0,0,0
537,35.0,50,22,5,14,27.285714285714285,0,1,0,0,0,0,0,0,13.799159606774287,1,0,0,0,1,0,0,0,0,0
538,35.0,20,22,5,16,7.75,0,0,0,0,0,0,0,1,13.152549167513913,1,0,0,1,0,0,0,0,0,0
539,35.0,25,22,5,11,13.0,0,0,0,0,0,0,0,0,12.776057347139224,1,0,0,1,0,0,0,0,0,0
540,35.0,20,22,20,1,20.0,0,0,0,0,0,0,0,0,13.380151031301711,1,0,0,1,0,0,0,0,0,0
541,40.0,50,22,25,15,24.333333333333332,0,0,0,0,1,0,1,1,13.127088197840044,1,0,0,1,0,0,0,0,0,0
542,43.0,27,22,5,19,15.631578947368421,0,0,0,0,0,0,0,0,12.923941706544865,0,0,1,0,0,1,0,0,0,0
543,45.0,500,22,40,26,86.03846153846153,0,1,1,0,0,0,1,1,14.485623986763093,0,0,1,1,0,0,0,0,0,0
544,48.0,100,3,100,4,30.0,0,0,0,0,0,0,0,0,14.501886364429458,1,0,0,1,0,0,0,0,0,0
545,200.0,400,3,400,4,193.75,0,0,1,0,0,1,0,0,13.988530656674918,1,0,0,1,0,0,0,0,0,0
546,200.0,500,3,250,6,242.5,0,0,0,0,0,0,0,1,15.074053078341466,0,0,1,1,0,0,0,0,0,0
547,200.0,250,24,125,6,200.0,0,0,0,0,0,0,0,0,13.174864741781391,0,0,1,1,0,0,0,0,0,0
548,50.0,2780,24,25,22,270.22727272727275,0,1,1,0,0,0,1,0,15.579003945693826,0,0,1,1,0,0,0,0,0,0
549,50.0,500,24,5,16,123.875,0,0,1,0,0,0,0,0,14.178432747166445,1,0,0,1,0,0,0,0,0,0
550,50.0,1000,24,175,21,194.52380952380952,1,1,1,0,0,0,1,0,14.356818634944789,0,0,1,1,0,0,0,0,0,0
551,50.0,250,24,50,28,90.03571428571429,1,1,1,0,0,0,1,0,14.899897815586423,0,1,0,0,0,1,0,0,0,0
552,50.0,1000,24,100,15,270.3333333333333,0,0,1,0,0,0,1,0,14.268641388770634,0,0,1,1,0,0,0,0,0,0
553,50.0,200,24,10,18,68.33333333333333,1,1,1,0,0,0,1,0,13.831897554708611,1,0,0,1,0,0,0,0,0,0
554,50.0,25,24,25,11,13.636363636363637,0,0,0,0,0,0,1,0,13.822739367052193,1,0,0,1,0,0,0,0,0,0
555,50.0,100,24,5,11,64.0909090909091,0,0,1,0,0,0,0,0,14.174503712774596,1,0,0,1,0,0,0,0,0,0
556,50.0,100,24,100,8,62.5,0,0,1,0,0,0,0,0,13.119092032385268,0,0,1,1,0,0,0,0,0,0
557,50.0,250,24,50,6,100.0,0,0,1,0,0,1,1,0,13.812690585577027,1,0,0,1,0,0,0,0,0,0
558,50.0,500,24,15,13,125.76923076923077,0,0,1,0,0,0,0,0,13.539431575219528,0,0,1,1,0,0,0,0,0,0
559,50.0,100,24,15,6,50.833333333333336,0,0,0,0,0,0,0,0,13.903362997828012,0,0,1,0,0,0,1,0,0,0
560,50.0,125,24,5,27,42.51851851851852,0,0,0,0,1,0,0,0,13.447007363842266,1,0,0,1,0,0,0,0,0,0
561,50.0,500,24,300,14,119.28571428571429,1,0,0,0,0,0,0,0,13.021167510877277,1,0,0,1,0,0,0,0,0,0
562,50.0,100,24,35,11,52.0,1,0,1,0,0,0,0,0,13.053878948067329,1,0,0,0,0,0,0,1,0,0
563,50.0,300,24,5,5,122.0,0,0,1,0,0,0,0,0,13.123946124199538,1,0,0,1,0,0,0,0,0,0
564,50.0,100,24,99,13,47.30769230769231,0,1,1,0,0,1,0,0,13.168767840908785,0,0,1,1,0,0,0,0,0,0
565,50.0,300,24,300,6,113.33333333333333,0,0,0,0,0,0,0,0,13.502404005172243,1,0,0,0,0,1,0,0,0,0
566,50.0,50,43,50,10,47.5,0,0,0,0,0,0,0,0,13.919680465129016,0,0,1,1,0,0,0,0,0,0
567,50.0,60,43,60,8,24.25,0,0,0,0,0,0,1,0,13.425264057156667,1,0,0,1,0,0,0,0,0,0
568,50.0,50,22,20,5,32.0,0,0,0,0,0,0,1,0,13.129793704029176,1,0,0,1,0,0,0,0,0,0
569,50.0,50,42,13,4,34.5,0,0,0,0,0,0,0,0,13.437286519686095,1,0,0,1,0,0,0,0,0,0
570,50.0,5000,15,5000,8,22.5,0,0,0,0,0,0,0,0,13.801206744442267,0,0,1,0,0,1,0,0,0,0
571,50.0,50,34,5,2,27.5,0,0,0,0,0,0,0,0,13.253219695204544,1,0,0,1,0,0,0,0,0,0
572,50.0,25,43,25,4,13.875,0,0,0,0,0,0,0,0,14.385298999986304,0,0,1,1,0,0,0,0,0,0
573,50.0,50,17,50,1,50.0,0,0,0,0,0,0,0,0,13.14406420198359,0,0,1,0,1,0,0,0,0,0
574,50.0,25,20,25,2,25.0,0,0,0,0,0,0,0,0,13.47618706035902,1,0,0,1,0,0,0,0,0,0
575,50.0,50,63,50,1,50.0,0,0,0,0,0,0,0,0,11.973869429102281,1,0,0,1,0,0,0,0,0,0
576,50.0,40,69,40,1,40.0,0,0,0,0,0,0,0,0,13.118941529555029,0,0,1,1,0,0,0,0,0,0
577,50.0,20,22,17,2,18.5,0,0,0,0,0,0,0,0,13.726472765544695,1,0,0,0,1,0,0,0,0,0
578,50.0,20,61,20,1,20.0,0,0,0,0,0,0,0,0,13.832854282281899,0,0,1,0,0,0,0,0,1,0
579,50.0,13,14,13,1,13.0,0,0,0,0,0,0,0,0,13.428969750359748,0,0,1,1,0,0,0,0,0,0
580,50.0,12,8,12,1,12.5,0,0,0,0,0,0,0,0,13.939839235201529,1,0,0,1,0,0,0,0,0,0
581,50.0,9,90,9,1,9.0,0,0,0,0,0,0,0,0,13.070236051098304,1,0,0,1,0,0,0,0,0,0
582,50.0,5,20,5,1,5.0,0,0,0,0,0,0,0,0,11.489871758639005,0,1,0,1,0,0,0,0,0,0
583,50.0,5,20,5,1,5.0,0,0,0,0,0,0,0,0,11.489452108784587,0,1,0,1,0,0,0,0,0,0
584,50.0,5,9,5,1,5.0,0,0,0,0,0,0,0,0,11.339119546984477,0,1,0,1,0,0,0,0,0,0
585,50.0,5,33,5,1,5.0,0,0,0,0,0,0,0,0,11.644173001579901,0,0,1,1,0,0,0,0,0,0
586,50.0,5,20,5,1,5.0,0,0,0,0,0,0,0,0,11.492814590170669,1,0,0,1,0,0,0,0,0,0
587,54.0,10,52,10,5,10.0,0,0,0,0,0,0,0,0,13.878935959814372,0,0,1,1,0,0,0,0,0,0
588,60.0,5,51,5,1,5.0,0,0,0,0,0,0,0,0,12.814679937908933,0,0,1,1,0,0,0,0,0,0
589,60.0,5,20,5,1,5.0,0,0,0,0,0,0,0,0,11.496155634094254,0,1,0,1,0,0,0,0,0,0
590,65.0,5,23,5,1,5.0,0,0,0,0,0,0,0,0,11.533864700983884,1,0,0,1,0,0,0,0,0,0
591,70.0,100,23,25,17,54.529411764705884,0,0,1,0,0,0,0,0,13.917382796652095,1,0,0,1,0,0,0,0,0,0
592,75.0,200,23,50,26,68.73076923076923,0,0,1,0,0,0,0,0,14.306076329922886,0,0,1,1,0,0,0,0,0,0
593,75.0,50,23,50,3,32.666666666666664,0,0,0,0,0,0,0,0,13.266681879398076,1,0,0,1,0,0,0,0,0,0
594,75.0,25,3,25,3,25.0,0,0,0,0,0,0,0,0,12.801221035208016,1,0,0,1,0,0,0,0,0,0
595,75.0,20,22,20,1,20.0,0,0,0,0,0,0,0,0,13.443018320440967,1,0,0,1,0,0,0,0,0,0
596,77.0,5,28,5,1,5.0,0,0,0,0,0,0,0,0,11.592817392046173,1,0,0,1,0,0,0,0,0,0
597,80.0,317,28,8,17,42.76470588235294,0,0,0,0,0,0,1,0,12.86576903487564,0,0,1,1,0,0,0,0,0,0
598,82.0,300,28,50,29,55.3448275862069,1,0,1,0,0,0,1,0,13.970557692998323,1,0,0,1,0,0,0,0,0,0
599,90.0,100,28,8,12,52.416666666666664,0,0,1,0,0,0,0,1,13.575595904634241,1,0,0,1,0,0,0,0,0,0
600,90.0,250,28,23,10,71.6,0,0,1,0,0,0,0,0,12.871699594550629,1,0,0,1,0,0,0,0,0,0
601,5000.0,50000,24,50000,1,50000.0,0,0,0,0,0,0,0,0,15.560799645246298,1,0,0,1,0,0,0,0,0,0
602,5000.0,15000,24,5000,18,3800.277777777778,0,0,1,0,0,0,0,1,15.064065542443258,0,0,1,1,0,0,0,0,0,0
603,5000.0,5800,24,1000,9,1611.111111111111,0,0,0,0,0,0,0,0,15.145481891506044,0,0,1,1,0,0,0,0,0,0
604,1000.0,1300,24,1000,15,710.3333333333334,0,1,1,0,0,1,0,0,15.544122538120897,0,0,1,0,0,1,0,0,0,0
605,1000.0,17500,24,100,16,2579.125,0,0,0,0,0,0,0,0,15.330468765654155,0,0,1,1,0,0,0,0,0,0
606,500.0,500,24,500,11,354.54545454545456,0,0,0,1,1,0,0,0,14.717701959779331,1,0,0,1,0,0,0,0,0,0
607,500.0,500,24,500,7,428.57142857142856,0,1,1,0,1,1,0,1,14.218393000527726,0,0,1,1,0,0,0,0,0,0
608,500.0,1150,24,100,14,451.85714285714283,1,1,1,0,0,0,0,0,14.34293131757995,0,0,1,1,0,0,0,0,0,0
609,250.0,1600,24,25,17,341.47058823529414,0,0,1,0,1,1,1,1,14.715508479920773,0,0,1,1,0,0,0,0,0,0
610,250.0,625,24,625,17,285.05882352941177,1,1,1,0,0,0,0,0,13.751433796865792,1,0,0,1,0,0,0,0,0,0
611,100.0,1554,24,25,29,290.9655172413793,1,1,1,0,0,0,1,1,16.18795449405027,0,0,1,1,0,0,0,0,0,0
612,100.0,122,24,15,25,56.08,1,0,1,0,0,0,1,0,14.613456396369502,1,0,0,1,0,0,0,0,0,0
613,100.0,125,24,50,14,58.92857142857143,0,0,1,0,0,0,1,0,14.154881446574556,0,0,1,1,0,0,0,0,0,0
614,100.0,500,24,500,1,500.0,0,0,0,0,0,0,0,0,13.657586936201183,0,0,1,1,0,0,0,0,0,0
615,100.0,100,14,50,7,65.14285714285714,0,0,0,0,0,1,0,0,13.016287050058878,0,0,1,1,0,0,0,0,0,0
616,100.0,50,14,8,3,21.0,0,0,0,0,0,0,0,0,13.319402760351899,0,0,1,1,0,0,0,0,0,0
617,100.0,100,46,1,7,60.911428570747375,0,0,0,0,0,0,0,0,13.739548098079888,0,0,1,1,0,0,0,0,0,0
618,100.0,50,42,15,6,30.0,0,0,0,0,0,0,0,0,13.237076817781036,0,0,1,1,0,0,0,0,0,0
619,100.0,100,42,100,11,23.727272727272727,1,0,0,0,0,0,0,0,13.654646728620511,1,0,0,1,0,0,0,0,0,0
620,100.0,25,8,25,2,25.0,0,0,0,0,0,0,0,0,12.96629652956585,1,0,0,1,0,0,0,0,0,0
621,100.0,20,22,10,3,11.0,0,0,0,0,0,0,0,0,13.276222014591287,1,0,0,1,0,0,0,0,0,0
622,100.0,5,11,5,1,5.0,0,0,0,0,0,0,0,0,11.365156048173471,0,1,0,1,0,0,0,0,0,0
623,100.0,5,20,5,1,5.0,0,0,0,0,0,0,0,0,11.489871758639005,1,0,0,1,0,0,0,0,0,0
624,100.0,5,24,5,1,5.0,0,0,0,0,0,0,0,0,11.541075508386575,0,1,0,1,0,0,0,0,0,0
625,100.0,5,20,5,1,5.0,0,0,0,0,0,0,0,0,11.491558815228338,0,1,0,1,0,0,0,0,0,0
626,100.0,5,20,5,1,5.0,0,0,0,0,0,0,0,0,11.492396173717736,1,0,0,1,0,0,0,0,0,0
627,100.0,5,7,5,1,5.0,0,0,0,0,0,0,0,0,11.316886249848027,0,0,1,1,0,0,0,0,0,0
628,110.0,50,7,9,10,35.7,0,1,1,0,0,0,1,0,14.184178201146795,0,0,1,1,0,0,0,0,0,0
629,110.0,1500,7,25,15,184.33333333333334,0,0,1,0,0,0,1,0,13.302674581459348,0,0,1,1,0,0,0,0,0,0
630,110.0,5,51,5,1,5.0,0,0,0,0,0,0,0,0,12.701024952139873,0,0,1,1,0,0,0,0,0,0
631,120.0,30,51,25,4,27.5,0,0,1,0,1,0,0,0,13.237969823785733,0,1,0,0,1,0,0,0,0,0
632,125.0,35,51,35,1,35.0,0,0,0,0,0,0,1,0,14.110711294290743,0,0,1,1,0,0,0,0,0,0
633,125.0,150,51,100,4,112.5,0,0,0,0,0,0,1,0,14.928322223299718,1,0,0,0,0,1,0,0,0,0
634,150.0,100,51,100,4,80.0,0,0,0,0,0,0,0,0,13.51272973760851,0,0,1,1,0,0,0,0,0,0
635,150.0,5,30,5,1,5.0,0,0,0,0,0,0,0,0,11.617897905336578,0,0,1,0,0,0,0,0,1,0
636,155.0,60,30,25,19,40.0,0,0,1,0,0,0,1,0,13.887251516664929,0,0,1,1,0,0,0,0,0,0
637,175.0,100,30,20,16,28.875,0,0,1,0,0,0,0,0,13.007347509605058,1,0,0,1,0,0,0,0,0,0
638,185.0,6,68,6,1,6.0,0,0,0,0,0,0,0,0,13.326010910413018,0,1,0,1,0,0,0,0,0,0
639,200.0,100,68,100,12,93.33333333333333,0,0,1,0,0,1,0,0,13.437083602199094,0,0,1,1,0,0,0,0,0,0
640,200.0,5,20,5,1,5.0,0,0,0,0,0,0,0,0,11.492814590170669,0,0,1,1,0,0,0,0,0,0
641,250.0,100,20,50,18,53.333333333333336,0,0,1,0,0,0,1,0,14.167926444982623,0,0,1,0,1,0,0,0,0,0
642,250.0,50,28,50,2,50.0,0,0,0,0,0,0,0,0,14.25149646499369,1,0,0,1,0,0,0,0,0,0
643,250.0,50,22,50,1,50.0,0,0,0,0,0,0,0,0,13.384943003295268,1,0,0,0,0,0,0,1,0,0
644,250.0,5,20,5,1,5.0,0,0,0,0,0,0,0,0,11.493232831624493,0,1,0,1,0,0,0,0,0,0
645,250.0,5,11,5,1,5.0,0,0,0,0,0,0,0,0,11.367541247183082,1,0,0,1,0,0,0,0,0,0
646,260.0,35,11,35,2,18.0,0,0,0,0,0,0,0,0,13.010734366831514,0,1,0,1,0,0,0,0,0,0
647,275.0,5000,11,25,29,419.9310344827586,1,0,1,0,0,0,1,1,14.90463094068646,1,0,0,1,0,0,0,0,0,0
648,280.0,600,11,5,10,146.1,0,1,1,0,0,1,1,0,13.82665918048012,0,0,1,1,0,0,0,0,0,0
649,700.0,2000,11,500,15,716.6666666666666,0,0,1,0,1,1,1,0,15.014565288366242,0,0,1,1,0,0,0,0,0,0
650,500.0,650,11,300,14,289.64285714285717,0,0,1,0,0,0,1,0,14.72058016787216,1,0,0,0,0,1,0,0,0,0
651,500.0,600,11,20,17,131.47058823529412,0,1,1,0,1,0,0,0,14.522849063634641,0,0,1,0,0,0,0,0,1,0
652,550.0,250,49,250,4,125.0,0,0,1,0,0,0,0,0,14.452660767595315,1,0,0,1,0,0,0,0,0,0
653,550.0,100,4,100,1,100.0,0,0,0,0,0,0,0,0,13.450704071031666,0,1,0,1,0,0,0,0,0,0
654,500.0,2595,42,2595,5,573.9320007324219,0,0,0,0,0,0,0,0,14.218886819283563,1,0,0,1,0,0,0,0,0,0
655,500.0,100,65,100,3,58.333333333333336,0,0,0,0,0,0,0,0,13.99653710993466,0,0,1,0,1,0,0,0,0,0
656,500.0,20,60,20,1,20.0,0,0,0,0,0,0,0,0,13.516837640178506,1,0,0,1,0,0,0,0,0,0
657,500.0,5,51,5,1,5.0,0,0,0,0,0,0,0,0,13.48197999038897,0,1,0,1,0,0,0,0,0,0
658,500.0,5,20,5,1,5.0,0,0,0,0,0,0,0,0,11.48903228275023,0,0,1,1,0,0,0,0,0,0
659,2000.0,2500,7,1000,4,1375.0,0,0,0,0,0,0,0,0,15.093155389433713,0,1,0,1,0,0,0,0,0,0
660,1000.0,2800,7,750,14,652.5714285714286,1,0,0,0,1,0,1,0,14.433570979822882,1,0,0,1,0,0,0,0,0,0
661,1000.0,3000,54,3000,3,2083.3333333333335,0,0,0,0,0,0,0,0,14.535702704112737,0,0,1,0,0,0,0,0,1,0
662,600.0,500,54,25,12,133.33333333333334,0,1,1,0,0,0,0,0,14.444876264087801,0,1,0,1,0,0,0,0,0,0
663,760.0,1000,54,100,24,186.25,0,1,1,0,0,0,1,0,13.978740184856818,0,0,1,1,0,0,0,0,0,0
664,800.0,1000,54,1000,22,338.04545454545456,0,0,1,0,0,0,0,1,15.098785549692431,0,0,1,1,0,0,0,0,0,0
665,650.0,375,54,375,21,56.80952380952381,1,0,1,0,0,0,1,1,14.510872284605941,1,0,0,1,0,0,0,0,0,0
666,1025.0,170,20,100,7,96.42857142857143,0,0,0,0,0,1,0,0,14.284444865689483,0,0,1,0,1,0,0,0,0,0
667,1000.0,5,24,5,1,5.0,0,0,0,0,0,0,0,0,11.541474048374644,0,0,1,1,0,0,0,0,0,0
668,1000.0,5,20,5,1,5.0,0,0,0,0,0,0,0,0,11.489871758639005,0,0,1,1,0,0,0,0,0,0
669,1000.0,5,45,5,1,5.0,0,0,0,0,0,0,0,0,11.776243120969394,0,0,1,1,0,0,0,0,0,0
670,1500.0,2018,45,100,21,381.6190476190476,1,0,1,0,0,0,1,0,13.34650962584971,0,1,0,1,0,0,0,0,0,0
671,1500.0,5,20,5,1,5.0,0,0,0,0,0,0,0,0,11.487771746086688,1,0,0,1,0,0,0,0,0,0
672,1500.0,5,100,5,1,5.0,0,0,0,0,0,0,0,0,12.200823894907005,0,1,0,0,0,0,0,0,1,0
673,2000.0,500,7,50,5,250.0,0,0,0,0,0,0,0,0,13.94045191161897,0,0,1,1,0,0,0,0,0,0
674,1600.0,50,10,50,1,50.0,0,0,0,0,0,0,0,0,13.131241846890575,0,0,1,1,0,0,0,0,0,0
675,5000.0,62500,10,1750,11,16068.636363636364,0,0,0,0,1,0,0,0,16.79078723508413,0,0,1,1,0,0,0,0,0,0
676,5000.0,175000,10,2501,20,31845.3,1,0,0,0,0,0,1,0,16.697878593579276,0,0,1,1,0,0,0,0,0,0
677,2000.0,150,34,150,1,150.0,0,0,0,0,0,0,0,0,13.744718926821585,0,0,1,1,0,0,0,0,0,0
678,5000.0,3300,34,115,16,885.625,0,0,1,0,0,0,0,1,14.947733622703604,0,0,1,1,0,0,0,0,0,0
679,5000.0,2900,34,500,12,987.5,0,0,1,0,0,0,0,0,14.584916681395182,0,0,1,0,0,0,0,0,1,0
680,2850.0,2300,34,250,11,730.3636363636364,0,0,1,0,0,0,0,0,14.753248054994994,0,0,1,1,0,0,0,0,0,0
681,5000.0,42,43,20,3,21.333333333333332,0,0,0,0,0,0,0,0,14.091651031667412,1,0,0,1,0,0,0,0,0,0
682,5000.0,50,51,50,1,50.0,0,0,0,0,0,0,0,0,13.767049039784832,0,0,1,1,0,0,0,0,0,0
683,5000.0,5,51,5,1,5.0,0,0,0,0,0,0,0,0,13.439894501233434,0,0,1,1,0,0,0,0,0,0
684,5000.0,5,19,5,1,5.0,0,0,0,0,0,0,0,0,11.476334092070244,0,0,1,1,0,0,0,0,0,0
685,5000.0,17500,19,17500,16,5224.125,0,1,0,0,0,0,0,0,16.35696198891375,0,0,1,1,0,0,0,0,0,0
686,5000.0,6600,19,5000,23,3213.2608695652175,0,0,1,1,0,0,0,1,15.734783494204892,0,0,1,0,0,0,0,0,1,0
687,5000.0,33400,19,7500,22,3455.818181818182,1,0,1,0,0,0,0,1,15.271233495637876,0,0,1,1,0,0,0,0,0,0
688,5000.0,10000,19,2000,19,2777.8947368421054,0,0,1,0,0,0,1,0,15.054999819304058,1,0,0,1,0,0,0,0,0,0
689,5000.0,6600,19,6600,12,2463.3333333333335,0,0,0,0,0,0,0,0,14.92864423242916,0,0,1,1,0,0,0,0,0,0
690,5000.0,6600,7,500,3,3033.3333333333335,0,0,0,0,0,0,0,0,14.439400367774708,0,0,1,1,0,0,0,0,0,0
691,5000.0,1750,111,1750,1,1750.0,0,0,0,0,0,0,0,0,13.489158340768606,0,0,1,0,0,0,0,0,1,0
692,5000.0,10000,111,1000,15,1982.4666666666667,0,0,1,0,0,0,0,1,15.082019191879116,0,0,1,1,0,0,0,0,0,0
693,5000.0,100,111,35,6,32.833333333333336,0,0,0,0,0,0,0,0,14.180820810076893,0,0,1,1,0,0,0,0,0,0
694,5000.0,20,22,20,1,20.0,0,0,0,0,0,0,0,0,13.44297042483596,1,0,0,0,0,0,0,0,1,0
695,5000.0,20,61,20,1,20.0,0,0,0,0,0,0,0,0,13.151096596227202,0,0,1,1,0,0,0,0,0,0
696,5000.0,5,17,5,1,5.0,0,0,0,0,0,0,0,0,11.457846064953165,1,0,0,1,0,0,0,0,0,0
697,5000.0,5,51,5,1,5.0,0,0,0,0,0,0,0,0,13.72997663445708,0,0,1,1,0,0,0,0,0,0
698,5000.0,5,20,5,1,5.0,0,0,0,0,0,0,0,0,11.491558815228338,0,0,1,1,0,0,0,0,0,0
